id,user_id,service_id,created_at
1,2,327,2025-02-06 16:41:06
2,2,511,2024-09-14 04:21:34
3,2,430,2024-04-13 09:39:57
4,2,304,2024-12-30 09:04:06
5,2,486,2025-02-13 14:34:01
6,2,374,2024-11-21 01:48:48
7,2,262,2025-07-30 17:15:47
8,2,77,2025-10-19 04:42:19
9,2,315,2024-05-31 20:22:55
10,2,388,2024-12-13 21:44:00
11,2,390,2024-05-24 02:55:09
12,2,385,2025-10-05 19:49:46
13,2,49,2024-06-21 11:32:11
14,2,525,2024-02-16 05:59:22
15,2,240,2024-11-12 10:11:12
16,29,298,2025-02-26 23:11:57
17,29,24,2024-12-22 13:42:03
18,29,103,2025-06-09 03:02:22
19,29,21,2024-05-11 04:36:33
20,29,561,2024-11-14 12:19:50
21,29,133,2025-01-30 10:32:31
22,30,393,2025-02-06 13:48:10
23,30,550,2025-06-22 09:31:50
24,30,492,2024-02-12 19:28:50
25,30,221,2025-10-26 10:47:40
26,30,548,2024-06-11 12:38:20
27,31,173,2025-06-15 04:06:32
28,31,206,2025-05-02 17:11:16
29,31,171,2024-10-22 06:29:01
30,31,382,2024-01-20 03:22:35
31,31,244,2025-04-09 06:24:39
32,31,398,2024-04-28 08:17:39
33,31,455,2024-11-15 08:00:21
34,31,513,2025-04-02 03:05:30
35,31,110,2024-05-30 04:25:39
36,32,454,2024-10-31 17:44:00
37,32,78,2024-08-12 14:16:38
38,32,550,2025-06-01 23:15:36
39,32,294,2024-12-19 11:50:02
40,32,41,2025-04-28 21:44:41
41,32,332,2024-05-03 05:16:00
42,32,155,2025-04-20 22:48:17
43,33,259,2024-01-23 17:55:52
44,33,88,2024-07-18 03:41:20
45,33,7,2025-08-06 08:33:48
46,33,116,2024-12-18 21:33:04
47,33,265,2025-04-30 16:55:38
48,33,363,2024-08-22 20:33:45
49,33,506,2024-05-19 02:11:10
50,33,135,2025-01-27 00:15:00
51,33,258,2025-05-03 07:28:20
52,33,338,2024-03-29 06:37:39
53,33,166,2024-05-07 10:45:35
54,33,171,2024-08-09 06:56:46
55,33,442,2024-03-15 18:29:42
56,34,159,2025-01-05 09:58:23
57,34,13,2025-09-09 10:28:34
58,34,104,2024-04-07 04:56:53
59,34,467,2024-12-10 23:55:35
60,34,433,2024-09-03 07:41:45
61,34,57,2024-03-20 14:25:44
62,35,491,2024-04-04 15:40:31
63,35,565,2025-02-22 01:29:51
64,35,267,2025-07-02 06:18:34
65,35,569,2025-05-24 04:28:23
66,35,558,2025-08-15 23:46:14
67,35,440,2024-08-05 01:26:26
68,35,322,2024-04-10 10:24:20
69,35,239,2024-12-26 06:03:04
70,35,580,2024-08-10 06:39:04
71,35,286,2024-04-17 10:53:46
72,35,77,2025-09-08 01:48:47
73,35,4,2024-05-21 12:53:43
74,35,554,2024-04-01 03:08:10
75,35,461,2024-01-22 10:02:28
76,36,67,2025-07-29 17:04:27
77,36,212,2025-05-24 04:31:49
78,36,317,2025-07-05 10:57:55
79,36,417,2024-12-15 11:40:06
80,36,457,2025-02-23 19:15:04
81,36,407,2025-01-21 09:31:09
82,36,533,2024-09-29 21:02:27
83,36,435,2024-10-06 06:13:53
84,36,481,2024-01-17 09:43:00
85,37,424,2024-12-03 16:12:40
86,37,255,2024-10-30 15:26:29
87,37,480,2024-12-16 09:06:37
88,37,60,2024-05-06 21:30:04
89,37,440,2024-07-31 10:25:22
90,37,503,2024-10-29 09:23:44
91,37,391,2024-02-09 21:43:58
92,37,270,2025-03-25 06:35:27
93,37,143,2024-12-03 08:57:44
94,37,195,2024-02-19 08:53:14
95,37,73,2024-12-09 20:48:25
96,37,85,2025-01-03 12:56:29
97,37,144,2024-04-11 03:01:43
98,37,510,2024-03-26 15:00:39
99,37,148,2024-08-13 16:27:46
100,38,372,2024-12-27 04:19:13
101,38,34,2024-06-06 03:24:34
102,38,525,2024-05-26 23:47:32
103,38,528,2024-08-16 21:43:56
104,38,549,2024-08-14 11:02:59
105,38,111,2024-07-26 19:38:26
106,38,127,2024-09-10 14:18:52
107,38,448,2024-08-07 22:20:36
108,38,226,2025-06-13 20:41:11
109,38,151,2025-03-25 10:05:52
110,38,446,2024-07-18 08:20:59
111,39,165,2024-02-23 15:33:36
112,39,232,2024-07-24 03:05:23
113,39,416,2024-12-22 17:30:42
114,39,367,2024-07-30 14:49:57
115,39,291,2025-02-12 09:01:50
116,39,363,2025-01-11 09:34:37
117,40,222,2025-08-30 15:35:29
118,40,318,2024-03-24 22:55:56
119,40,275,2025-04-15 05:06:44
120,40,473,2024-01-21 05:23:08
121,40,344,2025-04-21 05:15:03
122,40,500,2025-07-05 19:24:50
123,40,390,2025-08-04 13:33:52
124,40,212,2024-10-19 06:47:23
125,40,521,2024-09-29 11:49:44
126,40,242,2024-03-25 12:07:03
127,40,512,2024-12-29 03:20:33
128,40,370,2025-01-24 23:02:20
129,40,308,2025-07-09 09:57:09
130,40,237,2025-07-05 08:11:01
131,41,445,2024-01-05 14:34:53
132,41,526,2024-11-23 20:58:46
133,41,135,2024-08-12 01:43:36
134,41,136,2024-11-19 05:55:43
135,41,26,2024-05-19 22:43:37
136,41,127,2025-02-18 20:27:23
137,41,160,2025-07-04 22:50:12
138,41,578,2025-10-21 01:09:28
139,41,543,2024-08-14 05:30:34
140,41,422,2024-09-10 16:45:11
141,42,245,2025-09-08 02:36:46
142,42,381,2024-02-19 01:14:56
143,42,563,2024-02-08 19:31:36
144,42,11,2025-10-04 21:05:50
145,42,80,2024-07-03 23:36:36
146,42,220,2024-03-29 13:39:29
147,42,26,2024-10-24 04:48:31
148,43,407,2024-06-05 23:39:37
149,43,350,2024-01-18 07:46:26
150,43,360,2025-07-24 14:36:43
151,43,325,2024-08-26 06:31:10
152,43,523,2025-01-05 08:10:48
153,43,200,2025-10-31 10:08:36
154,43,452,2025-06-16 12:27:53
155,43,225,2025-08-07 14:43:57
156,44,339,2025-01-12 10:38:02
157,44,91,2025-01-18 07:43:38
158,44,79,2024-11-11 10:54:36
159,44,260,2024-09-23 06:18:43
160,44,62,2025-05-02 02:58:05
161,44,193,2025-04-13 22:06:17
162,44,82,2025-07-31 21:17:15
163,44,491,2024-07-30 05:29:33
164,45,45,2024-04-01 06:25:44
165,45,545,2025-02-10 07:03:40
166,45,565,2024-02-11 23:25:57
167,45,164,2025-03-10 04:57:17
168,45,96,2024-08-04 04:06:25
169,45,19,2025-01-16 05:22:05
170,45,192,2024-03-12 07:44:52
171,46,156,2024-03-06 17:21:08
172,46,379,2024-07-28 06:48:07
173,46,26,2024-02-01 02:17:41
174,46,409,2025-01-13 07:11:11
175,46,250,2024-05-22 08:59:59
176,46,152,2024-08-16 22:33:10
177,47,94,2024-09-18 02:36:22
178,47,450,2024-09-21 00:05:38
179,47,572,2024-11-09 03:01:16
180,47,199,2025-10-26 02:15:04
181,47,398,2025-08-25 09:55:00
182,47,478,2025-05-09 04:14:51
183,47,383,2024-01-22 10:09:07
184,47,434,2024-02-20 13:00:57
185,47,249,2024-09-15 12:45:29
186,47,97,2024-03-13 17:02:39
187,47,281,2024-08-24 07:53:31
188,47,157,2024-12-05 07:26:04
189,47,381,2024-04-10 11:13:30
190,47,163,2024-09-05 20:21:07
191,47,61,2024-10-13 02:43:10
192,48,159,2024-12-31 22:38:29
193,48,355,2025-01-19 06:44:01
194,48,409,2024-03-07 17:55:08
195,48,556,2024-06-01 13:12:56
196,48,518,2024-04-23 15:05:17
197,48,316,2024-04-03 15:35:19
198,48,345,2024-10-16 13:38:58
199,48,328,2024-03-03 12:43:15
200,48,48,2024-09-03 07:56:34
201,48,531,2024-03-13 20:20:00
202,48,261,2024-12-06 05:37:02
203,48,43,2025-03-15 23:40:41
204,48,320,2025-01-08 06:59:00
205,49,138,2024-05-10 14:31:12
206,49,121,2025-01-20 01:18:13
207,49,542,2025-07-17 00:22:13
208,49,64,2025-07-15 22:50:41
209,49,358,2025-02-19 23:42:03
210,49,356,2025-10-15 13:41:02
211,50,27,2024-01-08 10:09:13
212,50,436,2024-03-02 06:45:53
213,50,563,2024-12-03 20:11:55
214,50,126,2025-09-26 18:14:00
215,50,537,2025-10-26 08:40:33
216,50,568,2024-07-06 09:45:04
217,50,120,2025-09-16 21:30:01
218,50,549,2025-06-13 13:09:45
219,50,505,2024-05-30 01:31:59
220,50,261,2024-08-28 08:47:26
221,50,251,2024-06-17 19:49:00
222,51,272,2024-09-08 09:49:30
223,51,40,2025-01-21 06:21:31
224,51,70,2024-11-30 13:09:00
225,51,537,2025-03-17 15:41:51
226,51,158,2024-06-16 05:37:16
227,52,429,2025-01-16 13:14:17
228,52,52,2024-10-21 04:28:23
229,52,510,2025-09-08 06:00:01
230,52,455,2024-03-09 08:36:40
231,52,9,2024-03-23 19:56:40
232,52,50,2024-12-12 12:07:16
233,52,44,2024-10-03 08:36:46
234,52,233,2025-10-15 01:04:24
235,52,137,2024-10-20 16:41:24
236,52,197,2024-09-05 17:07:17
237,52,198,2025-10-14 21:58:46
238,52,191,2024-06-24 03:46:52
239,53,101,2024-05-16 12:08:45
240,53,358,2024-01-30 13:30:32
241,53,86,2024-06-23 15:02:28
242,53,529,2025-03-13 21:02:55
243,53,516,2024-09-01 18:27:30
244,53,400,2025-07-28 07:28:29
245,53,380,2024-07-14 06:46:10
246,53,169,2025-04-26 12:20:36
247,53,145,2024-01-14 23:56:36
248,53,318,2024-10-15 20:41:01
249,54,186,2025-03-19 20:56:56
250,54,330,2025-04-05 07:17:27
251,54,455,2025-03-17 08:19:05
252,54,10,2025-04-28 04:21:16
253,54,543,2025-02-07 01:08:30
254,54,525,2025-08-28 11:09:26
255,54,11,2024-12-07 21:13:14
256,55,569,2024-07-02 01:06:29
257,55,332,2024-07-09 08:23:28
258,55,239,2025-09-27 02:17:59
259,55,263,2025-03-15 10:12:17
260,55,414,2025-04-21 02:02:25
261,55,246,2025-10-08 17:30:29
262,55,292,2024-08-15 19:27:45
263,56,190,2025-06-18 09:30:12
264,56,406,2024-02-21 22:00:47
265,56,127,2024-03-17 19:33:27
266,56,256,2024-10-07 18:37:32
267,56,258,2024-03-05 09:36:36
268,56,513,2025-03-30 10:32:15
269,56,333,2024-05-03 08:53:04
270,56,355,2024-04-11 02:39:24
271,56,21,2024-02-26 04:53:46
272,56,83,2024-03-02 17:39:39
273,56,76,2025-08-21 08:16:02
274,57,90,2024-01-28 02:06:39
275,57,329,2025-01-10 09:03:58
276,57,476,2025-06-24 13:11:01
277,57,98,2024-02-06 22:55:42
278,57,235,2024-11-04 05:45:50
279,57,301,2025-01-19 01:12:39
280,57,253,2025-05-26 07:18:04
281,57,395,2025-07-07 05:32:33
282,57,256,2025-10-14 22:18:32
283,57,331,2025-09-18 05:25:06
284,57,282,2024-02-28 04:49:37
285,58,280,2025-05-06 17:52:10
286,58,440,2025-02-11 12:14:12
287,58,100,2025-03-15 01:07:50
288,58,77,2025-09-02 18:06:07
289,58,229,2025-06-16 15:10:36
290,58,55,2025-08-02 23:14:16
291,58,516,2024-07-21 23:51:38
292,58,502,2024-08-21 23:08:04
293,58,204,2025-02-02 10:42:50
294,58,401,2024-09-05 07:52:20
295,59,187,2025-04-02 03:15:51
296,59,274,2025-02-18 04:50:46
297,59,103,2024-07-20 11:11:05
298,59,394,2025-02-20 06:23:37
299,59,417,2025-08-23 04:04:19
300,59,17,2024-11-09 08:49:14
301,59,398,2025-07-07 18:30:54
302,59,163,2025-03-10 14:09:13
303,59,237,2025-03-14 01:34:28
304,59,246,2025-08-25 10:27:23
305,60,391,2025-10-08 12:05:06
306,60,365,2024-10-03 11:38:23
307,60,345,2025-03-25 20:02:33
308,60,558,2024-12-27 21:13:53
309,60,543,2025-07-10 13:04:07
310,60,447,2025-07-21 20:42:53
311,60,134,2024-02-22 13:51:36
312,60,334,2024-02-13 00:38:09
313,60,313,2024-02-24 08:44:20
314,60,402,2024-10-07 22:55:34
315,60,264,2024-12-06 15:11:46
316,60,127,2024-06-09 16:41:14
317,61,358,2024-03-28 17:13:59
318,61,280,2024-02-11 16:44:14
319,61,159,2024-01-08 06:13:17
320,61,554,2024-08-18 01:12:06
321,61,415,2025-02-27 03:49:45
322,61,468,2024-11-09 16:38:57
323,62,341,2024-12-27 08:14:53
324,62,454,2024-07-26 05:10:45
325,62,128,2025-01-19 05:21:18
326,62,349,2024-12-24 22:52:30
327,62,402,2025-06-19 04:02:51
328,62,430,2025-06-23 00:30:02
329,62,244,2025-09-27 10:34:10
330,62,387,2025-01-22 23:23:38
331,63,155,2025-06-24 17:58:27
332,63,307,2024-01-07 21:46:33
333,63,217,2024-09-07 07:01:12
334,63,437,2024-12-05 20:18:28
335,63,507,2025-08-29 22:21:52
336,63,233,2024-07-22 08:48:07
337,63,286,2024-10-14 14:53:59
338,63,110,2025-06-20 23:29:47
339,64,415,2024-08-18 03:57:06
340,64,450,2025-03-17 15:22:57
341,64,245,2024-02-28 01:56:24
342,64,61,2024-05-27 00:56:34
343,64,484,2025-02-07 22:21:41
344,64,229,2025-06-23 01:37:02
345,64,153,2024-02-23 21:11:47
346,64,177,2024-05-06 05:27:06
347,64,390,2024-09-10 13:12:01
348,64,132,2025-04-27 19:21:26
349,64,246,2025-10-28 12:44:04
350,65,230,2025-01-22 18:04:53
351,65,317,2024-12-26 13:03:26
352,65,90,2025-10-20 08:10:57
353,65,51,2024-10-16 19:49:44
354,65,366,2024-09-02 18:01:49
355,65,206,2024-07-12 14:57:55
356,65,213,2024-12-14 20:53:58
357,65,288,2025-05-19 00:15:50
358,65,544,2024-02-24 22:48:46
359,65,440,2024-11-26 02:26:52
360,65,554,2025-07-04 14:45:36
361,65,538,2024-08-11 20:42:36
362,65,361,2024-01-01 10:03:42
363,65,472,2024-01-02 04:26:10
364,66,40,2025-07-18 14:20:36
365,66,208,2024-12-23 04:13:25
366,66,139,2025-05-06 06:06:45
367,66,217,2025-04-27 23:21:41
368,66,88,2025-10-10 21:05:26
369,67,171,2025-03-24 13:07:29
370,67,132,2024-05-11 23:49:28
371,67,513,2025-02-06 14:39:21
372,67,96,2025-02-18 03:13:32
373,67,529,2025-01-02 17:36:34
374,67,275,2024-06-03 07:48:35
375,67,508,2024-01-08 08:46:05
376,67,113,2024-02-09 18:47:59
377,68,433,2025-08-19 09:02:13
378,68,434,2025-06-16 08:48:49
379,68,264,2025-01-12 21:34:17
380,68,152,2024-07-09 14:37:08
381,68,87,2024-05-03 03:59:52
382,68,296,2025-01-16 13:06:27
383,68,521,2025-04-14 03:57:49
384,68,542,2024-10-11 21:52:24
385,68,303,2025-01-04 05:44:15
386,69,310,2025-08-29 20:27:14
387,69,26,2025-02-11 15:34:31
388,69,80,2025-01-26 21:36:32
389,69,567,2025-09-21 12:03:30
390,69,379,2024-02-25 18:22:48
391,69,400,2024-06-03 15:41:45
392,69,63,2025-04-23 15:00:54
393,69,116,2025-02-10 14:41:17
394,69,546,2024-02-28 17:41:57
395,69,525,2024-03-06 20:36:05
396,69,72,2024-06-26 07:23:26
397,69,500,2024-02-23 18:15:41
398,69,22,2024-01-16 06:03:54
399,69,248,2025-05-15 15:38:18
400,69,443,2024-03-11 22:54:10
401,70,358,2024-02-21 21:07:29
402,70,348,2025-06-29 10:41:08
403,70,419,2025-09-09 05:28:40
404,70,249,2025-01-12 22:00:13
405,70,76,2025-10-06 04:35:46
406,70,478,2024-05-21 15:04:33
407,70,500,2025-09-25 02:14:24
408,70,121,2024-01-09 01:21:12
409,71,188,2025-04-20 11:56:48
410,71,260,2024-04-15 09:37:47
411,71,211,2024-10-11 09:50:40
412,71,361,2025-07-24 23:48:05
413,71,406,2025-04-07 03:37:50
414,71,234,2024-02-09 09:59:02
415,71,559,2024-12-29 08:44:27
416,71,375,2024-01-08 06:35:14
417,71,465,2025-04-12 10:34:16
418,71,345,2025-07-03 23:16:04
419,71,226,2025-03-06 22:39:48
420,71,76,2024-04-07 20:59:54
421,71,90,2024-02-24 05:36:33
422,72,280,2025-07-25 18:24:53
423,72,354,2025-08-25 22:36:54
424,72,255,2024-07-12 02:16:49
425,72,264,2024-09-05 01:05:54
426,72,326,2024-09-06 10:26:57
427,72,445,2025-02-21 16:15:13
428,72,460,2025-04-25 22:02:32
429,72,320,2025-07-12 17:48:34
430,72,99,2025-08-22 10:18:15
431,73,455,2024-10-18 18:13:15
432,73,115,2024-05-05 12:50:52
433,73,396,2024-01-23 14:04:47
434,73,154,2024-02-29 02:09:07
435,73,151,2025-04-27 15:27:25
436,73,307,2024-01-18 14:32:54
437,74,342,2025-05-22 16:50:25
438,74,542,2025-07-02 04:15:34
439,74,166,2024-11-29 03:54:04
440,74,179,2025-09-15 22:14:27
441,74,141,2025-06-16 21:36:26
442,74,422,2024-01-28 17:49:24
443,74,202,2025-06-06 10:02:44
444,74,102,2024-10-13 14:47:31
445,74,573,2024-04-21 06:21:23
446,74,414,2024-03-05 22:28:19
447,74,269,2024-04-28 04:53:30
448,75,47,2025-01-19 07:10:27
449,75,472,2025-09-22 21:07:17
450,75,109,2025-07-21 11:39:48
451,75,305,2025-05-17 02:17:27
452,75,104,2024-08-13 19:36:06
453,75,20,2025-10-15 03:09:52
454,75,535,2024-01-07 18:57:25
455,76,357,2024-11-20 13:22:07
456,76,117,2025-06-25 17:43:59
457,76,549,2024-08-14 10:27:56
458,76,120,2024-08-22 10:51:30
459,76,490,2024-03-06 21:48:32
460,76,435,2024-08-06 12:27:08
461,77,104,2024-06-06 11:53:48
462,77,564,2024-07-03 17:49:32
463,77,16,2025-02-04 14:13:30
464,77,270,2024-07-15 12:12:20
465,77,387,2025-06-27 14:44:36
466,77,208,2024-09-10 14:58:23
467,78,58,2024-04-13 05:42:54
468,78,404,2025-01-09 03:09:38
469,78,213,2024-03-04 17:21:24
470,78,415,2024-07-28 17:14:34
471,78,384,2025-04-19 11:10:25
472,78,25,2025-02-27 00:35:23
473,78,338,2025-05-18 21:26:18
474,78,529,2024-10-20 02:18:32
475,78,478,2024-04-17 06:21:16
476,78,532,2025-03-31 06:06:59
477,78,330,2024-03-05 08:11:22
478,78,515,2025-02-15 11:14:39
479,78,301,2025-06-29 18:09:28
