id,booking_id,user_id,amount,currency,payment_method,payment_provider,transaction_id,payment_status,paid_at,refunded_at,created_at,created_by,updated_at,updated_by,deleted_at
1,1,2,2298.85,INR,UPI,PAYTM,TXN00000001,SUCCESS,2024-01-16 22:14:57,,2024-01-16 22:14:57,2,2024-01-16 22:14:57,2,
2,3,2,638.85,INR,DEBIT_CARD,RAZORPAY,TXN00000002,SUCCESS,2025-04-18 21:57:05,,2025-04-18 21:57:05,2,2025-04-18 21:57:05,2,
3,4,2,2825.00,INR,DEBIT_CARD,STRIPE,TXN00000003,SUCCESS,2024-07-29 23:50:38,,2024-07-29 23:50:38,2,2024-07-29 23:50:38,2,
4,5,2,803.85,INR,WALLET,PAYTM,TXN00000004,SUCCESS,2024-02-17 06:19:34,,2024-02-17 06:19:34,2,2024-02-17 06:19:34,2,
5,6,2,1048.85,INR,WALLET,PAYTM,TXN00000005,SUCCESS,2024-06-01 21:17:51,,2024-06-01 21:17:51,2,2024-06-01 21:17:51,2,
6,7,2,2825.00,INR,UPI,PAYTM,TXN00000006,SUCCESS,2025-07-16 04:58:16,,2025-07-16 04:58:16,2,2025-07-16 04:58:16,2,
7,8,2,2298.85,INR,WALLET,PAYTM,TXN00000007,SUCCESS,2024-09-23 22:46:58,,2024-09-23 22:46:58,2,2024-09-23 22:46:58,2,
8,10,2,1623.85,INR,WALLET,RAZORPAY,TXN00000008,SUCCESS,2024-09-25 22:15:33,,2024-09-25 22:15:33,2,2024-09-25 22:15:33,2,
9,11,2,573.85,INR,DEBIT_CARD,RAZORPAY,TXN00000009,SUCCESS,2024-12-06 09:47:53,,2024-12-06 09:47:53,2,2024-12-06 09:47:53,2,
10,12,2,1623.85,INR,CREDIT_CARD,PAYTM,TXN00000010,SUCCESS,2025-01-06 18:10:48,,2025-01-06 18:10:48,2,2025-01-06 18:10:48,2,
11,13,2,523.85,INR,DEBIT_CARD,PAYTM,TXN00000011,SUCCESS,2024-12-23 04:37:54,,2024-12-23 04:37:54,2,2024-12-23 04:37:54,2,
12,14,2,473.85,INR,UPI,PAYTM,TXN00000012,SUCCESS,2024-01-28 10:59:37,,2024-01-28 10:59:37,2,2024-01-28 10:59:37,2,
13,16,2,1098.85,INR,CREDIT_CARD,PAYTM,TXN00000013,SUCCESS,2024-05-07 19:59:02,,2024-05-07 19:59:02,2,2024-05-07 19:59:02,2,
14,17,2,638.85,INR,CREDIT_CARD,RAZORPAY,TXN00000014,SUCCESS,2025-10-15 07:32:39,,2025-10-15 07:32:39,2,2025-10-15 07:32:39,2,
15,18,2,473.85,INR,DEBIT_CARD,STRIPE,TXN00000015,SUCCESS,2024-08-20 03:31:39,,2024-08-20 03:31:39,2,2024-08-20 03:31:39,2,
16,19,2,2198.85,INR,UPI,STRIPE,TXN00000016,SUCCESS,2025-02-13 19:27:02,,2025-02-13 19:27:02,2,2025-02-13 19:27:02,2,
17,20,2,2775.00,INR,DEBIT_CARD,RAZORPAY,TXN00000017,SUCCESS,2025-08-05 09:57:45,,2025-08-05 09:57:45,2,2025-08-05 09:57:45,2,
18,21,2,2825.00,INR,CREDIT_CARD,STRIPE,TXN00000018,SUCCESS,2025-01-29 22:30:27,,2025-01-29 22:30:27,2,2025-01-29 22:30:27,2,
19,22,2,2825.00,INR,UPI,PAYTM,TXN00000019,SUCCESS,2024-05-13 08:55:22,,2024-05-13 08:55:22,2,2024-05-13 08:55:22,2,
20,23,2,358.85,INR,CREDIT_CARD,STRIPE,TXN00000020,SUCCESS,2024-01-16 15:16:22,,2024-01-16 15:16:22,2,2024-01-16 15:16:22,2,
21,24,2,1148.85,INR,UPI,RAZORPAY,TXN00000021,SUCCESS,2025-02-08 12:42:17,,2025-02-08 12:42:17,2,2025-02-08 12:42:17,2,
22,25,29,458.85,INR,CREDIT_CARD,RAZORPAY,TXN00000022,SUCCESS,2025-01-14 00:42:14,,2025-01-14 00:42:14,29,2025-01-14 00:42:14,29,
23,26,29,2825.00,INR,WALLET,PAYTM,TXN00000023,SUCCESS,2024-07-18 07:49:34,,2024-07-18 07:49:34,29,2024-07-18 07:49:34,29,
24,27,29,588.85,INR,UPI,RAZORPAY,TXN00000024,SUCCESS,2024-12-30 15:40:51,,2024-12-30 15:40:51,29,2024-12-30 15:40:51,29,
25,28,29,2775.00,INR,CREDIT_CARD,STRIPE,TXN00000025,SUCCESS,2024-08-16 04:16:55,,2024-08-16 04:16:55,29,2024-08-16 04:16:55,29,
26,29,29,408.85,INR,WALLET,RAZORPAY,TXN00000026,SUCCESS,2025-03-21 17:07:50,,2025-03-21 17:07:50,29,2025-03-21 17:07:50,29,
27,32,29,803.85,INR,UPI,STRIPE,TXN00000027,SUCCESS,2024-07-21 00:11:33,,2024-07-21 00:11:33,29,2024-07-21 00:11:33,29,
28,33,29,1048.85,INR,WALLET,STRIPE,TXN00000028,SUCCESS,2025-11-08 23:22:01,,2025-11-08 23:22:01,29,2025-11-08 23:22:01,29,
29,35,29,408.85,INR,DEBIT_CARD,STRIPE,TXN00000029,SUCCESS,2025-11-10 16:33:56,,2025-11-10 16:33:56,29,2025-11-10 16:33:56,29,
30,36,29,703.85,INR,DEBIT_CARD,RAZORPAY,TXN00000030,SUCCESS,2025-09-05 23:19:06,,2025-09-05 23:19:06,29,2025-09-05 23:19:06,29,
31,37,29,1493.85,INR,WALLET,RAZORPAY,TXN00000031,SUCCESS,2024-04-18 16:10:21,,2024-04-18 16:10:21,29,2024-04-18 16:10:21,29,
32,39,29,408.85,INR,CREDIT_CARD,PAYTM,TXN00000032,SUCCESS,2024-07-28 05:01:58,,2024-07-28 05:01:58,29,2024-07-28 05:01:58,29,
33,40,29,2248.85,INR,UPI,STRIPE,TXN00000033,SUCCESS,2024-07-22 09:13:25,,2024-07-22 09:13:25,29,2024-07-22 09:13:25,29,
34,41,29,918.85,INR,WALLET,STRIPE,TXN00000034,SUCCESS,2025-08-29 08:40:02,,2025-08-29 08:40:02,29,2025-08-29 08:40:02,29,
35,42,29,688.85,INR,UPI,PAYTM,TXN00000035,SUCCESS,2024-12-05 16:37:14,,2024-12-05 16:37:14,29,2024-12-05 16:37:14,29,
36,43,30,2248.85,INR,CREDIT_CARD,STRIPE,TXN00000036,SUCCESS,2025-04-20 04:50:56,,2025-04-20 04:50:56,30,2025-04-20 04:50:56,30,
37,45,30,3350.00,INR,WALLET,STRIPE,TXN00000037,SUCCESS,2025-02-22 09:02:47,,2025-02-22 09:02:47,30,2025-02-22 09:02:47,30,
38,46,30,343.85,INR,WALLET,STRIPE,TXN00000038,SUCCESS,2025-05-03 19:07:33,,2025-05-03 19:07:33,30,2025-05-03 19:07:33,30,
39,48,30,868.85,INR,CREDIT_CARD,RAZORPAY,TXN00000039,SUCCESS,2024-09-09 00:07:33,,2024-09-09 00:07:33,30,2024-09-09 00:07:33,30,
40,50,30,868.85,INR,UPI,RAZORPAY,TXN00000040,SUCCESS,2025-06-22 21:33:36,,2025-06-22 21:33:36,30,2025-06-22 21:33:36,30,
41,51,30,588.85,INR,WALLET,STRIPE,TXN00000041,SUCCESS,2024-06-13 05:50:09,,2024-06-13 05:50:09,30,2024-06-13 05:50:09,30,
42,53,30,2248.85,INR,DEBIT_CARD,STRIPE,TXN00000042,SUCCESS,2024-01-27 07:27:22,,2024-01-27 07:27:22,30,2024-01-27 07:27:22,30,
43,54,30,3350.00,INR,UPI,RAZORPAY,TXN00000043,SUCCESS,2024-01-02 13:55:30,,2024-01-02 13:55:30,30,2024-01-02 13:55:30,30,
44,56,30,343.85,INR,DEBIT_CARD,RAZORPAY,TXN00000044,SUCCESS,2025-02-02 17:57:42,,2025-02-02 17:57:42,30,2025-02-02 17:57:42,30,
45,58,30,343.85,INR,WALLET,STRIPE,TXN00000045,SUCCESS,2024-10-18 11:32:57,,2024-10-18 11:32:57,30,2024-10-18 11:32:57,30,
46,59,30,3450.00,INR,WALLET,RAZORPAY,TXN00000046,SUCCESS,2024-06-11 10:36:45,,2024-06-11 10:36:45,30,2024-06-11 10:36:45,30,
47,60,30,868.85,INR,DEBIT_CARD,STRIPE,TXN00000047,SUCCESS,2024-12-10 09:51:47,,2024-12-10 09:51:47,30,2024-12-10 09:51:47,30,
48,61,31,243.85,INR,DEBIT_CARD,STRIPE,TXN00000048,SUCCESS,2025-07-26 02:16:30,,2025-07-26 02:16:30,31,2025-07-26 02:16:30,31,
49,63,31,2875.00,INR,DEBIT_CARD,PAYTM,TXN00000049,SUCCESS,2025-03-22 18:42:21,,2025-03-22 18:42:21,31,2025-03-22 18:42:21,31,
50,64,31,588.85,INR,CREDIT_CARD,PAYTM,TXN00000050,SUCCESS,2025-03-29 03:46:27,,2025-03-29 03:46:27,31,2025-03-29 03:46:27,31,
51,65,31,588.85,INR,UPI,STRIPE,TXN00000051,SUCCESS,2025-02-05 22:15:30,,2025-02-05 22:15:30,31,2025-02-05 22:15:30,31,
52,70,31,2775.00,INR,DEBIT_CARD,RAZORPAY,TXN00000052,SUCCESS,2024-10-02 10:16:31,,2024-10-02 10:16:31,31,2024-10-02 10:16:31,31,
53,71,31,358.85,INR,WALLET,RAZORPAY,TXN00000053,SUCCESS,2025-09-18 23:14:21,,2025-09-18 23:14:21,31,2025-09-18 23:14:21,31,
54,72,31,1493.85,INR,DEBIT_CARD,STRIPE,TXN00000054,SUCCESS,2024-10-17 23:18:40,,2024-10-17 23:18:40,31,2024-10-17 23:18:40,31,
55,73,31,803.85,INR,WALLET,RAZORPAY,TXN00000055,SUCCESS,2024-02-02 07:13:57,,2024-02-02 07:13:57,31,2024-02-02 07:13:57,31,
56,74,31,3450.00,INR,WALLET,PAYTM,TXN00000056,SUCCESS,2025-08-13 10:48:54,,2025-08-13 10:48:54,31,2025-08-13 10:48:54,31,
57,75,31,358.85,INR,DEBIT_CARD,PAYTM,TXN00000057,SUCCESS,2025-02-05 14:21:51,,2025-02-05 14:21:51,31,2025-02-05 14:21:51,31,
58,76,31,293.85,INR,DEBIT_CARD,PAYTM,TXN00000058,SUCCESS,2025-02-23 20:09:44,,2025-02-23 20:09:44,31,2025-02-23 20:09:44,31,
59,78,32,2248.85,INR,UPI,STRIPE,TXN00000059,SUCCESS,2024-03-06 14:16:57,,2024-03-06 14:16:57,32,2024-03-06 14:16:57,32,
60,79,32,1723.85,INR,WALLET,PAYTM,TXN00000060,SUCCESS,2025-09-02 05:53:21,,2025-09-02 05:53:21,32,2025-09-02 05:53:21,32,
61,80,32,358.85,INR,WALLET,PAYTM,TXN00000061,SUCCESS,2024-09-16 12:16:05,,2024-09-16 12:16:05,32,2024-09-16 12:16:05,32,
62,81,32,458.85,INR,CREDIT_CARD,PAYTM,TXN00000062,SUCCESS,2025-09-15 07:10:57,,2025-09-15 07:10:57,32,2025-09-15 07:10:57,32,
63,83,32,588.85,INR,CREDIT_CARD,STRIPE,TXN00000063,SUCCESS,2025-10-10 01:10:16,,2025-10-10 01:10:16,32,2025-10-10 01:10:16,32,
64,86,32,2875.00,INR,CREDIT_CARD,STRIPE,TXN00000064,SUCCESS,2024-05-09 10:01:26,,2024-05-09 10:01:26,32,2024-05-09 10:01:26,32,
65,87,32,1623.85,INR,UPI,STRIPE,TXN00000065,SUCCESS,2025-05-21 23:07:39,,2025-05-21 23:07:39,32,2025-05-21 23:07:39,32,
66,88,32,803.85,INR,WALLET,RAZORPAY,TXN00000066,SUCCESS,2025-04-16 19:02:51,,2025-04-16 19:02:51,32,2025-04-16 19:02:51,32,
67,89,32,458.85,INR,CREDIT_CARD,PAYTM,TXN00000067,SUCCESS,2024-12-13 09:31:17,,2024-12-13 09:31:17,32,2024-12-13 09:31:17,32,
68,91,32,2248.85,INR,CREDIT_CARD,STRIPE,TXN00000068,SUCCESS,2025-10-22 10:26:49,,2025-10-22 10:26:49,32,2025-10-22 10:26:49,32,
69,92,32,2298.85,INR,DEBIT_CARD,STRIPE,TXN00000069,SUCCESS,2024-07-06 17:19:12,,2024-07-06 17:19:12,32,2024-07-06 17:19:12,32,
70,96,33,803.85,INR,UPI,STRIPE,TXN00000070,SUCCESS,2024-05-18 02:24:15,,2024-05-18 02:24:15,33,2024-05-18 02:24:15,33,
71,97,33,868.85,INR,WALLET,STRIPE,TXN00000071,SUCCESS,2024-06-13 01:57:30,,2024-06-13 01:57:30,33,2024-06-13 01:57:30,33,
72,98,33,2825.00,INR,DEBIT_CARD,PAYTM,TXN00000072,SUCCESS,2024-04-02 12:54:20,,2024-04-02 12:54:20,33,2024-04-02 12:54:20,33,
73,99,33,293.85,INR,CREDIT_CARD,PAYTM,TXN00000073,SUCCESS,2024-01-04 03:49:53,,2024-01-04 03:49:53,33,2024-01-04 03:49:53,33,
74,100,33,2298.85,INR,UPI,STRIPE,TXN00000074,SUCCESS,2024-05-23 04:39:09,,2024-05-23 04:39:09,33,2024-05-23 04:39:09,33,
75,101,33,1443.85,INR,CREDIT_CARD,PAYTM,TXN00000075,SUCCESS,2025-11-06 05:35:09,,2025-11-06 05:35:09,33,2025-11-06 05:35:09,33,
76,102,33,868.85,INR,CREDIT_CARD,STRIPE,TXN00000076,SUCCESS,2024-03-04 05:17:13,,2024-03-04 05:17:13,33,2024-03-04 05:17:13,33,
77,103,33,1623.85,INR,UPI,PAYTM,TXN00000077,SUCCESS,2024-01-03 10:22:33,,2024-01-03 10:22:33,33,2024-01-03 10:22:33,33,
78,104,33,1148.85,INR,UPI,RAZORPAY,TXN00000078,SUCCESS,2024-01-04 09:41:42,,2024-01-04 09:41:42,33,2024-01-04 09:41:42,33,
79,105,33,293.85,INR,CREDIT_CARD,RAZORPAY,TXN00000079,SUCCESS,2024-10-27 07:11:46,,2024-10-27 07:11:46,33,2024-10-27 07:11:46,33,
80,106,33,1048.85,INR,CREDIT_CARD,PAYTM,TXN00000080,SUCCESS,2024-12-07 13:01:45,,2024-12-07 13:01:45,33,2024-12-07 13:01:45,33,
81,108,33,3350.00,INR,WALLET,RAZORPAY,TXN00000081,SUCCESS,2024-12-04 10:01:44,,2024-12-04 10:01:44,33,2024-12-04 10:01:44,33,
82,109,33,703.85,INR,WALLET,STRIPE,TXN00000082,SUCCESS,2024-01-18 07:36:17,,2024-01-18 07:36:17,33,2024-01-18 07:36:17,33,
83,110,33,293.85,INR,CREDIT_CARD,RAZORPAY,TXN00000083,SUCCESS,2024-05-14 12:57:32,,2024-05-14 12:57:32,33,2024-05-14 12:57:32,33,
84,111,33,638.85,INR,WALLET,PAYTM,TXN00000084,SUCCESS,2025-08-30 01:43:17,,2025-08-30 01:43:17,33,2025-08-30 01:43:17,33,
85,112,34,358.85,INR,CREDIT_CARD,RAZORPAY,TXN00000085,SUCCESS,2025-06-15 16:47:32,,2025-06-15 16:47:32,34,2025-06-15 16:47:32,34,
86,113,34,2198.85,INR,UPI,RAZORPAY,TXN00000086,SUCCESS,2024-01-11 12:58:32,,2024-01-11 12:58:32,34,2024-01-11 12:58:32,34,
87,114,34,703.85,INR,DEBIT_CARD,PAYTM,TXN00000087,SUCCESS,2024-09-20 14:36:31,,2024-09-20 14:36:31,34,2024-09-20 14:36:31,34,
88,115,34,573.85,INR,CREDIT_CARD,STRIPE,TXN00000088,SUCCESS,2024-10-25 18:12:37,,2024-10-25 18:12:37,34,2024-10-25 18:12:37,34,
89,116,34,1723.85,INR,UPI,RAZORPAY,TXN00000089,SUCCESS,2025-09-17 10:49:54,,2025-09-17 10:49:54,34,2025-09-17 10:49:54,34,
90,117,34,2248.85,INR,CREDIT_CARD,STRIPE,TXN00000090,SUCCESS,2024-03-04 20:51:43,,2024-03-04 20:51:43,34,2024-03-04 20:51:43,34,
91,118,34,3450.00,INR,DEBIT_CARD,STRIPE,TXN00000091,SUCCESS,2024-12-12 00:23:20,,2024-12-12 00:23:20,34,2024-12-12 00:23:20,34,
92,119,34,1623.85,INR,CREDIT_CARD,PAYTM,TXN00000092,SUCCESS,2024-08-02 08:14:26,,2024-08-02 08:14:26,34,2024-08-02 08:14:26,34,
93,120,34,1048.85,INR,UPI,PAYTM,TXN00000093,SUCCESS,2024-08-10 09:45:23,,2024-08-10 09:45:23,34,2024-08-10 09:45:23,34,
94,121,34,1493.85,INR,WALLET,STRIPE,TXN00000094,SUCCESS,2024-11-03 22:35:37,,2024-11-03 22:35:37,34,2024-11-03 22:35:37,34,
95,122,34,293.85,INR,DEBIT_CARD,RAZORPAY,TXN00000095,SUCCESS,2024-06-08 15:18:45,,2024-06-08 15:18:45,34,2024-06-08 15:18:45,34,
96,124,34,638.85,INR,DEBIT_CARD,STRIPE,TXN00000096,SUCCESS,2025-05-11 11:23:27,,2025-05-11 11:23:27,34,2025-05-11 11:23:27,34,
97,125,34,688.85,INR,DEBIT_CARD,STRIPE,TXN00000097,SUCCESS,2024-04-09 03:01:19,,2024-04-09 03:01:19,34,2024-04-09 03:01:19,34,
98,126,34,1623.85,INR,DEBIT_CARD,STRIPE,TXN00000098,SUCCESS,2025-04-14 08:45:50,,2025-04-14 08:45:50,34,2025-04-14 08:45:50,34,
99,128,34,588.85,INR,CREDIT_CARD,STRIPE,TXN00000099,SUCCESS,2024-09-02 14:26:38,,2024-09-02 14:26:38,34,2024-09-02 14:26:38,34,
100,129,34,1493.85,INR,UPI,RAZORPAY,TXN00000100,SUCCESS,2025-10-20 06:35:15,,2025-10-20 06:35:15,34,2025-10-20 06:35:15,34,
101,130,34,1673.85,INR,DEBIT_CARD,RAZORPAY,TXN00000101,SUCCESS,2024-07-26 02:24:27,,2024-07-26 02:24:27,34,2024-07-26 02:24:27,34,
102,132,34,1048.85,INR,CREDIT_CARD,PAYTM,TXN00000102,SUCCESS,2025-06-27 15:05:47,,2025-06-27 15:05:47,34,2025-06-27 15:05:47,34,
103,133,35,1623.85,INR,CREDIT_CARD,STRIPE,TXN00000103,SUCCESS,2025-05-20 01:54:35,,2025-05-20 01:54:35,35,2025-05-20 01:54:35,35,
104,134,35,293.85,INR,DEBIT_CARD,PAYTM,TXN00000104,SUCCESS,2024-12-14 03:22:24,,2024-12-14 03:22:24,35,2024-12-14 03:22:24,35,
105,135,35,2198.85,INR,CREDIT_CARD,PAYTM,TXN00000105,SUCCESS,2025-10-05 07:49:52,,2025-10-05 07:49:52,35,2025-10-05 07:49:52,35,
106,136,35,358.85,INR,DEBIT_CARD,PAYTM,TXN00000106,SUCCESS,2025-06-14 21:58:57,,2025-06-14 21:58:57,35,2025-06-14 21:58:57,35,
107,137,35,1623.85,INR,WALLET,STRIPE,TXN00000107,SUCCESS,2025-10-13 20:03:03,,2025-10-13 20:03:03,35,2025-10-13 20:03:03,35,
108,140,35,868.85,INR,WALLET,STRIPE,TXN00000108,SUCCESS,2025-10-10 14:46:38,,2025-10-10 14:46:38,35,2025-10-10 14:46:38,35,
109,142,35,1098.85,INR,UPI,PAYTM,TXN00000109,SUCCESS,2024-01-29 13:36:34,,2024-01-29 13:36:34,35,2024-01-29 13:36:34,35,
110,144,35,1623.85,INR,DEBIT_CARD,RAZORPAY,TXN00000110,SUCCESS,2024-02-06 15:32:48,,2024-02-06 15:32:48,35,2024-02-06 15:32:48,35,
111,145,35,1048.85,INR,WALLET,PAYTM,TXN00000111,SUCCESS,2024-04-30 10:35:14,,2024-04-30 10:35:14,35,2024-04-30 10:35:14,35,
112,146,35,473.85,INR,DEBIT_CARD,PAYTM,TXN00000112,SUCCESS,2025-10-17 14:21:37,,2025-10-17 14:21:37,35,2025-10-17 14:21:37,35,
113,149,35,2298.85,INR,CREDIT_CARD,STRIPE,TXN00000113,SUCCESS,2024-06-21 09:27:55,,2024-06-21 09:27:55,35,2024-06-21 09:27:55,35,
114,150,35,358.85,INR,UPI,RAZORPAY,TXN00000114,SUCCESS,2024-09-06 14:22:04,,2024-09-06 14:22:04,35,2024-09-06 14:22:04,35,
115,152,35,688.85,INR,DEBIT_CARD,STRIPE,TXN00000115,SUCCESS,2024-01-22 17:48:55,,2024-01-22 17:48:55,35,2024-01-22 17:48:55,35,
116,153,36,2298.85,INR,UPI,PAYTM,TXN00000116,SUCCESS,2024-02-07 21:58:36,,2024-02-07 21:58:36,36,2024-02-07 21:58:36,36,
117,154,36,1673.85,INR,CREDIT_CARD,RAZORPAY,TXN00000117,SUCCESS,2025-07-16 14:48:19,,2025-07-16 14:48:19,36,2025-07-16 14:48:19,36,
118,155,36,588.85,INR,WALLET,STRIPE,TXN00000118,SUCCESS,2024-10-28 03:23:36,,2024-10-28 03:23:36,36,2024-10-28 03:23:36,36,
119,156,36,2298.85,INR,CREDIT_CARD,PAYTM,TXN00000119,SUCCESS,2024-11-11 09:10:42,,2024-11-11 09:10:42,36,2024-11-11 09:10:42,36,
120,159,36,818.85,INR,DEBIT_CARD,PAYTM,TXN00000120,SUCCESS,2025-10-09 01:55:15,,2025-10-09 01:55:15,36,2025-10-09 01:55:15,36,
121,160,36,1393.85,INR,WALLET,RAZORPAY,TXN00000121,SUCCESS,2025-02-18 05:46:38,,2025-02-18 05:46:38,36,2025-02-18 05:46:38,36,
122,161,36,1623.85,INR,DEBIT_CARD,RAZORPAY,TXN00000122,SUCCESS,2024-02-05 12:36:17,,2024-02-05 12:36:17,36,2024-02-05 12:36:17,36,
123,162,36,703.85,INR,DEBIT_CARD,RAZORPAY,TXN00000123,SUCCESS,2025-03-25 16:00:50,,2025-03-25 16:00:50,36,2025-03-25 16:00:50,36,
124,163,36,3400.00,INR,DEBIT_CARD,STRIPE,TXN00000124,SUCCESS,2024-04-17 02:13:35,,2024-04-17 02:13:35,36,2024-04-17 02:13:35,36,
125,165,36,3400.00,INR,WALLET,RAZORPAY,TXN00000125,SUCCESS,2024-01-19 06:06:14,,2024-01-19 06:06:14,36,2024-01-19 06:06:14,36,
126,166,36,1623.85,INR,DEBIT_CARD,RAZORPAY,TXN00000126,SUCCESS,2025-02-22 06:01:02,,2025-02-22 06:01:02,36,2025-02-22 06:01:02,36,
127,167,36,243.85,INR,DEBIT_CARD,STRIPE,TXN00000127,SUCCESS,2024-04-25 04:05:51,,2024-04-25 04:05:51,36,2024-04-25 04:05:51,36,
128,168,36,1393.85,INR,CREDIT_CARD,STRIPE,TXN00000128,SUCCESS,2025-10-24 11:52:39,,2025-10-24 11:52:39,36,2025-10-24 11:52:39,36,
129,169,37,703.85,INR,UPI,PAYTM,TXN00000129,SUCCESS,2025-04-26 04:58:45,,2025-04-26 04:58:45,37,2025-04-26 04:58:45,37,
130,170,37,703.85,INR,UPI,RAZORPAY,TXN00000130,SUCCESS,2024-12-01 08:00:57,,2024-12-01 08:00:57,37,2024-12-01 08:00:57,37,
131,173,37,1393.85,INR,WALLET,RAZORPAY,TXN00000131,SUCCESS,2025-09-08 20:48:43,,2025-09-08 20:48:43,37,2025-09-08 20:48:43,37,
132,174,37,703.85,INR,WALLET,STRIPE,TXN00000132,SUCCESS,2025-04-29 13:21:39,,2025-04-29 13:21:39,37,2025-04-29 13:21:39,37,
133,175,37,2825.00,INR,DEBIT_CARD,PAYTM,TXN00000133,SUCCESS,2024-01-05 07:59:16,,2024-01-05 07:59:16,37,2024-01-05 07:59:16,37,
134,176,37,2875.00,INR,DEBIT_CARD,PAYTM,TXN00000134,SUCCESS,2024-05-27 12:42:05,,2024-05-27 12:42:05,37,2024-05-27 12:42:05,37,
135,177,37,588.85,INR,DEBIT_CARD,PAYTM,TXN00000135,SUCCESS,2025-07-06 13:22:26,,2025-07-06 13:22:26,37,2025-07-06 13:22:26,37,
136,178,37,868.85,INR,CREDIT_CARD,RAZORPAY,TXN00000136,SUCCESS,2024-11-04 06:04:45,,2024-11-04 06:04:45,37,2024-11-04 06:04:45,37,
137,179,37,3400.00,INR,WALLET,RAZORPAY,TXN00000137,SUCCESS,2025-05-11 09:40:18,,2025-05-11 09:40:18,37,2025-05-11 09:40:18,37,
138,180,37,243.85,INR,DEBIT_CARD,RAZORPAY,TXN00000138,SUCCESS,2025-08-25 18:46:10,,2025-08-25 18:46:10,37,2025-08-25 18:46:10,37,
139,181,37,243.85,INR,WALLET,PAYTM,TXN00000139,SUCCESS,2024-01-19 15:02:47,,2024-01-19 15:02:47,37,2024-01-19 15:02:47,37,
140,182,37,638.85,INR,WALLET,RAZORPAY,TXN00000140,SUCCESS,2024-11-26 19:43:12,,2024-11-26 19:43:12,37,2024-11-26 19:43:12,37,
141,183,37,2248.85,INR,UPI,STRIPE,TXN00000141,SUCCESS,2025-11-06 02:15:11,,2025-11-06 02:15:11,37,2025-11-06 02:15:11,37,
142,184,37,3450.00,INR,WALLET,STRIPE,TXN00000142,SUCCESS,2024-08-18 09:40:03,,2024-08-18 09:40:03,37,2024-08-18 09:40:03,37,
143,185,37,3450.00,INR,WALLET,RAZORPAY,TXN00000143,SUCCESS,2025-10-26 12:41:03,,2025-10-26 12:41:03,37,2025-10-26 12:41:03,37,
144,186,37,343.85,INR,WALLET,STRIPE,TXN00000144,SUCCESS,2025-02-12 19:30:35,,2025-02-12 19:30:35,37,2025-02-12 19:30:35,37,
145,187,38,2198.85,INR,UPI,PAYTM,TXN00000145,SUCCESS,2024-09-26 12:07:24,,2024-09-26 12:07:24,38,2024-09-26 12:07:24,38,
146,188,38,1443.85,INR,WALLET,PAYTM,TXN00000146,SUCCESS,2024-02-21 21:43:44,,2024-02-21 21:43:44,38,2024-02-21 21:43:44,38,
147,191,38,573.85,INR,UPI,PAYTM,TXN00000147,SUCCESS,2024-02-22 18:43:54,,2024-02-22 18:43:54,38,2024-02-22 18:43:54,38,
148,192,38,1048.85,INR,CREDIT_CARD,STRIPE,TXN00000148,SUCCESS,2024-04-29 05:10:52,,2024-04-29 05:10:52,38,2024-04-29 05:10:52,38,
149,195,38,243.85,INR,WALLET,RAZORPAY,TXN00000149,SUCCESS,2024-09-10 22:06:24,,2024-09-10 22:06:24,38,2024-09-10 22:06:24,38,
150,196,38,818.85,INR,WALLET,RAZORPAY,TXN00000150,SUCCESS,2025-09-14 21:48:45,,2025-09-14 21:48:45,38,2025-09-14 21:48:45,38,
151,197,38,573.85,INR,DEBIT_CARD,RAZORPAY,TXN00000151,SUCCESS,2024-01-29 17:29:33,,2024-01-29 17:29:33,38,2024-01-29 17:29:33,38,
152,198,38,1393.85,INR,CREDIT_CARD,RAZORPAY,TXN00000152,SUCCESS,2025-09-29 21:50:36,,2025-09-29 21:50:36,38,2025-09-29 21:50:36,38,
153,199,38,473.85,INR,CREDIT_CARD,RAZORPAY,TXN00000153,SUCCESS,2025-02-27 06:08:01,,2025-02-27 06:08:01,38,2025-02-27 06:08:01,38,
154,200,38,573.85,INR,WALLET,STRIPE,TXN00000154,SUCCESS,2024-01-11 06:46:27,,2024-01-11 06:46:27,38,2024-01-11 06:46:27,38,
155,201,38,523.85,INR,CREDIT_CARD,STRIPE,TXN00000155,SUCCESS,2024-12-20 07:55:06,,2024-12-20 07:55:06,38,2024-12-20 07:55:06,38,
156,203,39,573.85,INR,CREDIT_CARD,RAZORPAY,TXN00000156,SUCCESS,2024-08-10 16:00:42,,2024-08-10 16:00:42,39,2024-08-10 16:00:42,39,
157,204,39,2775.00,INR,DEBIT_CARD,PAYTM,TXN00000157,SUCCESS,2025-04-27 07:39:26,,2025-04-27 07:39:26,39,2025-04-27 07:39:26,39,
158,205,39,2298.85,INR,WALLET,STRIPE,TXN00000158,SUCCESS,2024-10-25 12:41:16,,2024-10-25 12:41:16,39,2024-10-25 12:41:16,39,
159,206,39,3350.00,INR,CREDIT_CARD,RAZORPAY,TXN00000159,SUCCESS,2024-03-14 15:37:59,,2024-03-14 15:37:59,39,2024-03-14 15:37:59,39,
160,208,39,293.85,INR,CREDIT_CARD,STRIPE,TXN00000160,SUCCESS,2025-03-12 07:45:57,,2025-03-12 07:45:57,39,2025-03-12 07:45:57,39,
161,209,39,1393.85,INR,DEBIT_CARD,PAYTM,TXN00000161,SUCCESS,2024-02-09 20:49:39,,2024-02-09 20:49:39,39,2024-02-09 20:49:39,39,
162,210,39,343.85,INR,DEBIT_CARD,STRIPE,TXN00000162,SUCCESS,2025-08-05 11:47:52,,2025-08-05 11:47:52,39,2025-08-05 11:47:52,39,
163,211,39,343.85,INR,CREDIT_CARD,PAYTM,TXN00000163,SUCCESS,2025-06-26 11:48:39,,2025-06-26 11:48:39,39,2025-06-26 11:48:39,39,
164,213,39,2198.85,INR,CREDIT_CARD,STRIPE,TXN00000164,SUCCESS,2024-03-28 05:54:12,,2024-03-28 05:54:12,39,2024-03-28 05:54:12,39,
165,215,39,3450.00,INR,CREDIT_CARD,STRIPE,TXN00000165,SUCCESS,2025-04-25 05:33:58,,2025-04-25 05:33:58,39,2025-04-25 05:33:58,39,
166,216,39,868.85,INR,DEBIT_CARD,RAZORPAY,TXN00000166,SUCCESS,2024-03-27 02:17:25,,2024-03-27 02:17:25,39,2024-03-27 02:17:25,39,
167,217,39,358.85,INR,DEBIT_CARD,PAYTM,TXN00000167,SUCCESS,2024-08-30 02:17:28,,2024-08-30 02:17:28,39,2024-08-30 02:17:28,39,
168,218,39,3450.00,INR,WALLET,PAYTM,TXN00000168,SUCCESS,2024-12-18 00:18:01,,2024-12-18 00:18:01,39,2024-12-18 00:18:01,39,
169,220,39,2775.00,INR,UPI,RAZORPAY,TXN00000169,SUCCESS,2024-01-08 07:30:19,,2024-01-08 07:30:19,39,2024-01-08 07:30:19,39,
170,221,39,1723.85,INR,UPI,STRIPE,TXN00000170,SUCCESS,2024-01-29 17:06:18,,2024-01-29 17:06:18,39,2024-01-29 17:06:18,39,
171,222,39,3350.00,INR,UPI,STRIPE,TXN00000171,SUCCESS,2024-10-22 05:35:36,,2024-10-22 05:35:36,39,2024-10-22 05:35:36,39,
172,223,39,243.85,INR,UPI,PAYTM,TXN00000172,SUCCESS,2024-08-01 00:30:29,,2024-08-01 00:30:29,39,2024-08-01 00:30:29,39,
173,225,39,1148.85,INR,WALLET,PAYTM,TXN00000173,SUCCESS,2024-09-08 12:37:22,,2024-09-08 12:37:22,39,2024-09-08 12:37:22,39,
174,226,39,573.85,INR,WALLET,RAZORPAY,TXN00000174,SUCCESS,2025-04-01 11:21:33,,2025-04-01 11:21:33,39,2025-04-01 11:21:33,39,
175,227,39,293.85,INR,CREDIT_CARD,PAYTM,TXN00000175,SUCCESS,2024-09-03 08:49:36,,2024-09-03 08:49:36,39,2024-09-03 08:49:36,39,
176,228,40,1443.85,INR,UPI,RAZORPAY,TXN00000176,SUCCESS,2024-12-30 00:03:38,,2024-12-30 00:03:38,40,2024-12-30 00:03:38,40,
177,229,40,688.85,INR,CREDIT_CARD,PAYTM,TXN00000177,SUCCESS,2025-10-16 00:48:26,,2025-10-16 00:48:26,40,2025-10-16 00:48:26,40,
178,230,40,473.85,INR,CREDIT_CARD,STRIPE,TXN00000178,SUCCESS,2024-12-14 21:11:15,,2024-12-14 21:11:15,40,2024-12-14 21:11:15,40,
179,231,40,523.85,INR,WALLET,STRIPE,TXN00000179,SUCCESS,2024-10-28 20:34:18,,2024-10-28 20:34:18,40,2024-10-28 20:34:18,40,
180,232,40,1723.85,INR,CREDIT_CARD,STRIPE,TXN00000180,SUCCESS,2025-08-05 16:09:24,,2025-08-05 16:09:24,40,2025-08-05 16:09:24,40,
181,233,40,3450.00,INR,CREDIT_CARD,STRIPE,TXN00000181,SUCCESS,2024-11-16 22:31:46,,2024-11-16 22:31:46,40,2024-11-16 22:31:46,40,
182,234,40,1673.85,INR,WALLET,STRIPE,TXN00000182,SUCCESS,2025-05-09 21:41:55,,2025-05-09 21:41:55,40,2025-05-09 21:41:55,40,
183,235,40,1048.85,INR,UPI,STRIPE,TXN00000183,SUCCESS,2025-06-18 10:19:42,,2025-06-18 10:19:42,40,2025-06-18 10:19:42,40,
184,237,40,1723.85,INR,DEBIT_CARD,STRIPE,TXN00000184,SUCCESS,2025-02-23 07:22:20,,2025-02-23 07:22:20,40,2025-02-23 07:22:20,40,
185,239,40,703.85,INR,WALLET,RAZORPAY,TXN00000185,SUCCESS,2024-05-03 15:08:53,,2024-05-03 15:08:53,40,2024-05-03 15:08:53,40,
186,240,40,2825.00,INR,DEBIT_CARD,STRIPE,TXN00000186,SUCCESS,2025-09-05 12:47:02,,2025-09-05 12:47:02,40,2025-09-05 12:47:02,40,
187,241,40,1493.85,INR,WALLET,STRIPE,TXN00000187,SUCCESS,2024-07-01 13:58:39,,2024-07-01 13:58:39,40,2024-07-01 13:58:39,40,
188,242,40,3350.00,INR,DEBIT_CARD,PAYTM,TXN00000188,SUCCESS,2025-06-01 15:32:01,,2025-06-01 15:32:01,40,2025-06-01 15:32:01,40,
189,243,40,3400.00,INR,WALLET,RAZORPAY,TXN00000189,SUCCESS,2024-03-02 07:17:37,,2024-03-02 07:17:37,40,2024-03-02 07:17:37,40,
190,244,40,2825.00,INR,WALLET,PAYTM,TXN00000190,SUCCESS,2025-02-25 06:11:52,,2025-02-25 06:11:52,40,2025-02-25 06:11:52,40,
191,245,40,2775.00,INR,DEBIT_CARD,PAYTM,TXN00000191,SUCCESS,2025-03-08 03:02:19,,2025-03-08 03:02:19,40,2025-03-08 03:02:19,40,
192,246,40,3400.00,INR,WALLET,PAYTM,TXN00000192,SUCCESS,2024-07-04 04:31:55,,2024-07-04 04:31:55,40,2024-07-04 04:31:55,40,
193,247,40,588.85,INR,DEBIT_CARD,STRIPE,TXN00000193,SUCCESS,2025-01-07 20:29:51,,2025-01-07 20:29:51,40,2025-01-07 20:29:51,40,
194,248,40,358.85,INR,CREDIT_CARD,STRIPE,TXN00000194,SUCCESS,2024-11-05 13:44:42,,2024-11-05 13:44:42,40,2024-11-05 13:44:42,40,
195,250,41,1393.85,INR,DEBIT_CARD,RAZORPAY,TXN00000195,SUCCESS,2024-01-05 02:09:35,,2024-01-05 02:09:35,41,2024-01-05 02:09:35,41,
196,251,41,523.85,INR,WALLET,PAYTM,TXN00000196,SUCCESS,2025-05-21 18:16:35,,2025-05-21 18:16:35,41,2025-05-21 18:16:35,41,
197,252,41,803.85,INR,DEBIT_CARD,STRIPE,TXN00000197,SUCCESS,2025-07-09 20:14:43,,2025-07-09 20:14:43,41,2025-07-09 20:14:43,41,
198,253,41,2198.85,INR,WALLET,RAZORPAY,TXN00000198,SUCCESS,2024-06-23 19:13:20,,2024-06-23 19:13:20,41,2024-06-23 19:13:20,41,
199,254,41,3450.00,INR,CREDIT_CARD,RAZORPAY,TXN00000199,SUCCESS,2025-10-03 18:54:19,,2025-10-03 18:54:19,41,2025-10-03 18:54:19,41,
200,255,41,343.85,INR,CREDIT_CARD,PAYTM,TXN00000200,SUCCESS,2025-07-13 01:48:55,,2025-07-13 01:48:55,41,2025-07-13 01:48:55,41,
201,256,41,918.85,INR,UPI,RAZORPAY,TXN00000201,SUCCESS,2024-10-08 11:44:23,,2024-10-08 11:44:23,41,2024-10-08 11:44:23,41,
202,258,41,573.85,INR,WALLET,RAZORPAY,TXN00000202,SUCCESS,2024-02-10 05:27:17,,2024-02-10 05:27:17,41,2024-02-10 05:27:17,41,
203,259,41,473.85,INR,DEBIT_CARD,STRIPE,TXN00000203,SUCCESS,2024-11-04 09:43:05,,2024-11-04 09:43:05,41,2024-11-04 09:43:05,41,
204,260,41,343.85,INR,DEBIT_CARD,STRIPE,TXN00000204,SUCCESS,2024-08-28 03:19:04,,2024-08-28 03:19:04,41,2024-08-28 03:19:04,41,
205,261,41,638.85,INR,CREDIT_CARD,RAZORPAY,TXN00000205,SUCCESS,2025-11-11 04:43:46,,2025-11-11 04:43:46,41,2025-11-11 04:43:46,41,
206,262,41,688.85,INR,UPI,STRIPE,TXN00000206,SUCCESS,2024-03-20 23:23:18,,2024-03-20 23:23:18,41,2024-03-20 23:23:18,41,
207,263,41,688.85,INR,WALLET,STRIPE,TXN00000207,SUCCESS,2024-07-19 12:00:07,,2024-07-19 12:00:07,41,2024-07-19 12:00:07,41,
208,264,41,1723.85,INR,CREDIT_CARD,PAYTM,TXN00000208,SUCCESS,2024-03-15 19:02:43,,2024-03-15 19:02:43,41,2024-03-15 19:02:43,41,
209,265,41,473.85,INR,WALLET,RAZORPAY,TXN00000209,SUCCESS,2024-06-30 22:34:13,,2024-06-30 22:34:13,41,2024-06-30 22:34:13,41,
210,266,41,2775.00,INR,CREDIT_CARD,RAZORPAY,TXN00000210,SUCCESS,2024-10-23 20:49:28,,2024-10-23 20:49:28,41,2024-10-23 20:49:28,41,
211,267,41,293.85,INR,WALLET,PAYTM,TXN00000211,SUCCESS,2025-06-19 16:17:20,,2025-06-19 16:17:20,41,2025-06-19 16:17:20,41,
212,268,41,458.85,INR,WALLET,RAZORPAY,TXN00000212,SUCCESS,2024-02-21 13:55:53,,2024-02-21 13:55:53,41,2024-02-21 13:55:53,41,
213,269,41,358.85,INR,UPI,RAZORPAY,TXN00000213,SUCCESS,2025-08-03 21:16:38,,2025-08-03 21:16:38,41,2025-08-03 21:16:38,41,
214,270,41,2825.00,INR,CREDIT_CARD,STRIPE,TXN00000214,SUCCESS,2025-07-23 12:03:13,,2025-07-23 12:03:13,41,2025-07-23 12:03:13,41,
215,271,42,1098.85,INR,DEBIT_CARD,PAYTM,TXN00000215,SUCCESS,2025-11-04 23:04:30,,2025-11-04 23:04:30,42,2025-11-04 23:04:30,42,
216,272,42,3350.00,INR,DEBIT_CARD,RAZORPAY,TXN00000216,SUCCESS,2024-11-03 19:08:32,,2024-11-03 19:08:32,42,2024-11-03 19:08:32,42,
217,273,42,358.85,INR,UPI,PAYTM,TXN00000217,SUCCESS,2025-07-17 04:13:28,,2025-07-17 04:13:28,42,2025-07-17 04:13:28,42,
218,275,42,1098.85,INR,CREDIT_CARD,STRIPE,TXN00000218,SUCCESS,2025-07-19 22:14:07,,2025-07-19 22:14:07,42,2025-07-19 22:14:07,42,
219,276,42,2875.00,INR,DEBIT_CARD,PAYTM,TXN00000219,SUCCESS,2025-06-12 05:59:57,,2025-06-12 05:59:57,42,2025-06-12 05:59:57,42,
220,277,42,1393.85,INR,UPI,STRIPE,TXN00000220,SUCCESS,2024-01-29 15:53:12,,2024-01-29 15:53:12,42,2024-01-29 15:53:12,42,
221,278,42,918.85,INR,WALLET,PAYTM,TXN00000221,SUCCESS,2024-05-19 00:51:08,,2024-05-19 00:51:08,42,2024-05-19 00:51:08,42,
222,279,42,1048.85,INR,CREDIT_CARD,PAYTM,TXN00000222,SUCCESS,2025-10-06 19:27:47,,2025-10-06 19:27:47,42,2025-10-06 19:27:47,42,
223,281,42,1623.85,INR,UPI,STRIPE,TXN00000223,SUCCESS,2025-09-07 20:33:38,,2025-09-07 20:33:38,42,2025-09-07 20:33:38,42,
224,282,42,523.85,INR,DEBIT_CARD,PAYTM,TXN00000224,SUCCESS,2024-08-06 17:26:13,,2024-08-06 17:26:13,42,2024-08-06 17:26:13,42,
225,283,42,1493.85,INR,CREDIT_CARD,STRIPE,TXN00000225,SUCCESS,2024-11-25 02:52:17,,2024-11-25 02:52:17,42,2024-11-25 02:52:17,42,
226,284,42,243.85,INR,UPI,RAZORPAY,TXN00000226,SUCCESS,2025-10-07 21:11:54,,2025-10-07 21:11:54,42,2025-10-07 21:11:54,42,
227,286,42,243.85,INR,CREDIT_CARD,STRIPE,TXN00000227,SUCCESS,2025-03-19 14:38:45,,2025-03-19 14:38:45,42,2025-03-19 14:38:45,42,
228,287,42,2198.85,INR,WALLET,PAYTM,TXN00000228,SUCCESS,2024-08-18 11:24:50,,2024-08-18 11:24:50,42,2024-08-18 11:24:50,42,
229,288,42,688.85,INR,WALLET,PAYTM,TXN00000229,SUCCESS,2025-05-11 11:35:00,,2025-05-11 11:35:00,42,2025-05-11 11:35:00,42,
230,289,42,573.85,INR,WALLET,PAYTM,TXN00000230,SUCCESS,2024-10-29 00:08:37,,2024-10-29 00:08:37,42,2024-10-29 00:08:37,42,
231,290,42,3350.00,INR,CREDIT_CARD,STRIPE,TXN00000231,SUCCESS,2024-02-26 16:22:17,,2024-02-26 16:22:17,42,2024-02-26 16:22:17,42,
232,291,42,2875.00,INR,UPI,RAZORPAY,TXN00000232,SUCCESS,2025-04-05 10:28:12,,2025-04-05 10:28:12,42,2025-04-05 10:28:12,42,
233,292,42,1673.85,INR,DEBIT_CARD,RAZORPAY,TXN00000233,SUCCESS,2024-12-02 10:36:56,,2024-12-02 10:36:56,42,2024-12-02 10:36:56,42,
234,293,42,1443.85,INR,WALLET,PAYTM,TXN00000234,SUCCESS,2025-09-06 18:03:24,,2025-09-06 18:03:24,42,2025-09-06 18:03:24,42,
235,295,43,2298.85,INR,CREDIT_CARD,STRIPE,TXN00000235,SUCCESS,2025-07-20 18:20:18,,2025-07-20 18:20:18,43,2025-07-20 18:20:18,43,
236,298,43,243.85,INR,DEBIT_CARD,RAZORPAY,TXN00000236,SUCCESS,2025-04-05 20:53:51,,2025-04-05 20:53:51,43,2025-04-05 20:53:51,43,
237,300,43,3450.00,INR,DEBIT_CARD,PAYTM,TXN00000237,SUCCESS,2025-08-16 22:07:11,,2025-08-16 22:07:11,43,2025-08-16 22:07:11,43,
238,301,43,3350.00,INR,WALLET,STRIPE,TXN00000238,SUCCESS,2024-02-20 00:13:02,,2024-02-20 00:13:02,43,2024-02-20 00:13:02,43,
239,303,43,523.85,INR,UPI,RAZORPAY,TXN00000239,SUCCESS,2025-08-22 13:21:12,,2025-08-22 13:21:12,43,2025-08-22 13:21:12,43,
240,304,43,473.85,INR,CREDIT_CARD,RAZORPAY,TXN00000240,SUCCESS,2025-05-26 03:05:24,,2025-05-26 03:05:24,43,2025-05-26 03:05:24,43,
241,306,43,1148.85,INR,CREDIT_CARD,RAZORPAY,TXN00000241,SUCCESS,2024-10-07 06:53:53,,2024-10-07 06:53:53,43,2024-10-07 06:53:53,43,
242,307,43,573.85,INR,UPI,STRIPE,TXN00000242,SUCCESS,2025-06-10 08:42:35,,2025-06-10 08:42:35,43,2025-06-10 08:42:35,43,
243,308,43,918.85,INR,DEBIT_CARD,PAYTM,TXN00000243,SUCCESS,2024-05-12 23:17:05,,2024-05-12 23:17:05,43,2024-05-12 23:17:05,43,
244,309,43,243.85,INR,WALLET,STRIPE,TXN00000244,SUCCESS,2024-01-02 09:43:29,,2024-01-02 09:43:29,43,2024-01-02 09:43:29,43,
245,310,43,688.85,INR,DEBIT_CARD,RAZORPAY,TXN00000245,SUCCESS,2025-08-24 05:10:09,,2025-08-24 05:10:09,43,2025-08-24 05:10:09,43,
246,311,43,2248.85,INR,WALLET,STRIPE,TXN00000246,SUCCESS,2025-04-24 22:46:37,,2025-04-24 22:46:37,43,2025-04-24 22:46:37,43,
247,312,43,1048.85,INR,UPI,PAYTM,TXN00000247,SUCCESS,2025-11-06 15:42:59,,2025-11-06 15:42:59,43,2025-11-06 15:42:59,43,
248,315,44,243.85,INR,WALLET,RAZORPAY,TXN00000248,SUCCESS,2025-09-15 17:45:43,,2025-09-15 17:45:43,44,2025-09-15 17:45:43,44,
249,316,44,293.85,INR,DEBIT_CARD,PAYTM,TXN00000249,SUCCESS,2024-11-27 22:46:58,,2024-11-27 22:46:58,44,2024-11-27 22:46:58,44,
250,317,44,918.85,INR,UPI,RAZORPAY,TXN00000250,SUCCESS,2024-03-02 20:02:01,,2024-03-02 20:02:01,44,2024-03-02 20:02:01,44,
251,318,44,1443.85,INR,DEBIT_CARD,STRIPE,TXN00000251,SUCCESS,2025-08-20 14:04:11,,2025-08-20 14:04:11,44,2025-08-20 14:04:11,44,
252,319,44,473.85,INR,WALLET,STRIPE,TXN00000252,SUCCESS,2024-07-11 05:25:28,,2024-07-11 05:25:28,44,2024-07-11 05:25:28,44,
253,320,44,1443.85,INR,CREDIT_CARD,STRIPE,TXN00000253,SUCCESS,2025-01-28 18:29:01,,2025-01-28 18:29:01,44,2025-01-28 18:29:01,44,
254,321,44,458.85,INR,DEBIT_CARD,STRIPE,TXN00000254,SUCCESS,2024-07-08 01:40:32,,2024-07-08 01:40:32,44,2024-07-08 01:40:32,44,
255,322,44,688.85,INR,CREDIT_CARD,PAYTM,TXN00000255,SUCCESS,2024-12-11 21:43:13,,2024-12-11 21:43:13,44,2024-12-11 21:43:13,44,
256,323,44,753.85,INR,DEBIT_CARD,STRIPE,TXN00000256,SUCCESS,2024-07-13 21:12:45,,2024-07-13 21:12:45,44,2024-07-13 21:12:45,44,
257,324,44,2825.00,INR,UPI,STRIPE,TXN00000257,SUCCESS,2024-03-08 07:32:27,,2024-03-08 07:32:27,44,2024-03-08 07:32:27,44,
258,325,44,573.85,INR,CREDIT_CARD,RAZORPAY,TXN00000258,SUCCESS,2025-02-21 00:57:54,,2025-02-21 00:57:54,44,2025-02-21 00:57:54,44,
259,326,44,818.85,INR,DEBIT_CARD,RAZORPAY,TXN00000259,SUCCESS,2024-10-18 23:01:29,,2024-10-18 23:01:29,44,2024-10-18 23:01:29,44,
260,327,44,3450.00,INR,WALLET,STRIPE,TXN00000260,SUCCESS,2025-04-25 16:00:23,,2025-04-25 16:00:23,44,2025-04-25 16:00:23,44,
261,328,44,3400.00,INR,WALLET,PAYTM,TXN00000261,SUCCESS,2025-05-29 05:05:52,,2025-05-29 05:05:52,44,2025-05-29 05:05:52,44,
262,329,44,1148.85,INR,WALLET,STRIPE,TXN00000262,SUCCESS,2025-02-04 13:29:25,,2025-02-04 13:29:25,44,2025-02-04 13:29:25,44,
263,330,45,458.85,INR,CREDIT_CARD,PAYTM,TXN00000263,SUCCESS,2024-07-01 04:04:55,,2024-07-01 04:04:55,45,2024-07-01 04:04:55,45,
264,331,45,1393.85,INR,UPI,PAYTM,TXN00000264,SUCCESS,2025-08-02 15:07:50,,2025-08-02 15:07:50,45,2025-08-02 15:07:50,45,
265,332,45,243.85,INR,UPI,PAYTM,TXN00000265,SUCCESS,2025-05-28 13:06:25,,2025-05-28 13:06:25,45,2025-05-28 13:06:25,45,
266,333,45,2875.00,INR,UPI,STRIPE,TXN00000266,SUCCESS,2024-07-17 11:39:27,,2024-07-17 11:39:27,45,2024-07-17 11:39:27,45,
267,334,45,868.85,INR,UPI,STRIPE,TXN00000267,SUCCESS,2024-02-16 13:49:26,,2024-02-16 13:49:26,45,2024-02-16 13:49:26,45,
268,335,45,573.85,INR,WALLET,PAYTM,TXN00000268,SUCCESS,2025-05-05 11:05:35,,2025-05-05 11:05:35,45,2025-05-05 11:05:35,45,
269,336,45,1623.85,INR,CREDIT_CARD,STRIPE,TXN00000269,SUCCESS,2024-10-11 21:25:36,,2024-10-11 21:25:36,45,2024-10-11 21:25:36,45,
270,338,45,3400.00,INR,DEBIT_CARD,STRIPE,TXN00000270,SUCCESS,2025-03-19 09:18:42,,2025-03-19 09:18:42,45,2025-03-19 09:18:42,45,
271,340,45,1148.85,INR,DEBIT_CARD,RAZORPAY,TXN00000271,SUCCESS,2025-05-24 08:54:57,,2025-05-24 08:54:57,45,2025-05-24 08:54:57,45,
272,341,45,243.85,INR,WALLET,STRIPE,TXN00000272,SUCCESS,2024-08-17 07:47:21,,2024-08-17 07:47:21,45,2024-08-17 07:47:21,45,
273,343,45,2875.00,INR,WALLET,STRIPE,TXN00000273,SUCCESS,2024-02-24 17:13:46,,2024-02-24 17:13:46,45,2024-02-24 17:13:46,45,
274,344,45,243.85,INR,UPI,RAZORPAY,TXN00000274,SUCCESS,2025-03-24 07:04:54,,2025-03-24 07:04:54,45,2025-03-24 07:04:54,45,
275,345,45,1673.85,INR,CREDIT_CARD,STRIPE,TXN00000275,SUCCESS,2025-07-01 16:36:39,,2025-07-01 16:36:39,45,2025-07-01 16:36:39,45,
276,346,45,638.85,INR,DEBIT_CARD,STRIPE,TXN00000276,SUCCESS,2025-05-30 15:00:33,,2025-05-30 15:00:33,45,2025-05-30 15:00:33,45,
277,347,45,458.85,INR,CREDIT_CARD,PAYTM,TXN00000277,SUCCESS,2025-08-07 10:02:57,,2025-08-07 10:02:57,45,2025-08-07 10:02:57,45,
278,348,45,573.85,INR,CREDIT_CARD,RAZORPAY,TXN00000278,SUCCESS,2025-04-26 15:10:08,,2025-04-26 15:10:08,45,2025-04-26 15:10:08,45,
279,349,45,1098.85,INR,WALLET,RAZORPAY,TXN00000279,SUCCESS,2024-01-29 04:40:40,,2024-01-29 04:40:40,45,2024-01-29 04:40:40,45,
280,350,45,1493.85,INR,UPI,PAYTM,TXN00000280,SUCCESS,2025-09-15 21:26:51,,2025-09-15 21:26:51,45,2025-09-15 21:26:51,45,
281,352,46,243.85,INR,DEBIT_CARD,RAZORPAY,TXN00000281,SUCCESS,2024-03-16 06:55:36,,2024-03-16 06:55:36,46,2024-03-16 06:55:36,46,
282,354,46,803.85,INR,UPI,RAZORPAY,TXN00000282,SUCCESS,2024-02-24 20:09:31,,2024-02-24 20:09:31,46,2024-02-24 20:09:31,46,
283,355,46,523.85,INR,DEBIT_CARD,RAZORPAY,TXN00000283,SUCCESS,2025-02-03 12:55:45,,2025-02-03 12:55:45,46,2025-02-03 12:55:45,46,
284,356,46,473.85,INR,UPI,PAYTM,TXN00000284,SUCCESS,2025-07-22 01:50:36,,2025-07-22 01:50:36,46,2025-07-22 01:50:36,46,
285,357,46,1148.85,INR,CREDIT_CARD,RAZORPAY,TXN00000285,SUCCESS,2025-01-28 10:53:41,,2025-01-28 10:53:41,46,2025-01-28 10:53:41,46,
286,358,46,753.85,INR,CREDIT_CARD,RAZORPAY,TXN00000286,SUCCESS,2025-08-14 12:04:22,,2025-08-14 12:04:22,46,2025-08-14 12:04:22,46,
287,359,46,918.85,INR,DEBIT_CARD,PAYTM,TXN00000287,SUCCESS,2024-01-15 17:07:55,,2024-01-15 17:07:55,46,2024-01-15 17:07:55,46,
288,360,46,2298.85,INR,CREDIT_CARD,STRIPE,TXN00000288,SUCCESS,2024-11-23 03:08:59,,2024-11-23 03:08:59,46,2024-11-23 03:08:59,46,
289,361,46,868.85,INR,WALLET,RAZORPAY,TXN00000289,SUCCESS,2024-09-07 09:09:28,,2024-09-07 09:09:28,46,2024-09-07 09:09:28,46,
290,363,46,343.85,INR,WALLET,PAYTM,TXN00000290,SUCCESS,2025-01-23 20:52:27,,2025-01-23 20:52:27,46,2025-01-23 20:52:27,46,
291,364,46,293.85,INR,WALLET,PAYTM,TXN00000291,SUCCESS,2024-08-23 09:56:10,,2024-08-23 09:56:10,46,2024-08-23 09:56:10,46,
292,365,46,918.85,INR,WALLET,PAYTM,TXN00000292,SUCCESS,2025-03-13 04:59:53,,2025-03-13 04:59:53,46,2025-03-13 04:59:53,46,
293,366,46,358.85,INR,WALLET,STRIPE,TXN00000293,SUCCESS,2024-09-06 19:14:46,,2024-09-06 19:14:46,46,2024-09-06 19:14:46,46,
294,367,46,1148.85,INR,WALLET,PAYTM,TXN00000294,SUCCESS,2025-05-07 11:44:35,,2025-05-07 11:44:35,46,2025-05-07 11:44:35,46,
295,368,46,1148.85,INR,CREDIT_CARD,RAZORPAY,TXN00000295,SUCCESS,2025-10-30 06:02:51,,2025-10-30 06:02:51,46,2025-10-30 06:02:51,46,
296,369,46,343.85,INR,WALLET,STRIPE,TXN00000296,SUCCESS,2024-01-09 02:35:46,,2024-01-09 02:35:46,46,2024-01-09 02:35:46,46,
297,370,46,2825.00,INR,DEBIT_CARD,RAZORPAY,TXN00000297,SUCCESS,2024-11-03 09:23:17,,2024-11-03 09:23:17,46,2024-11-03 09:23:17,46,
298,371,47,1673.85,INR,WALLET,STRIPE,TXN00000298,SUCCESS,2024-04-29 08:47:01,,2024-04-29 08:47:01,47,2024-04-29 08:47:01,47,
299,373,47,1623.85,INR,DEBIT_CARD,PAYTM,TXN00000299,SUCCESS,2025-09-30 13:26:52,,2025-09-30 13:26:52,47,2025-09-30 13:26:52,47,
300,374,47,2825.00,INR,WALLET,PAYTM,TXN00000300,SUCCESS,2024-03-21 01:15:33,,2024-03-21 01:15:33,47,2024-03-21 01:15:33,47,
301,378,47,2248.85,INR,CREDIT_CARD,RAZORPAY,TXN00000301,SUCCESS,2024-12-19 17:32:07,,2024-12-19 17:32:07,47,2024-12-19 17:32:07,47,
302,379,47,343.85,INR,WALLET,STRIPE,TXN00000302,SUCCESS,2025-07-22 05:09:00,,2025-07-22 05:09:00,47,2025-07-22 05:09:00,47,
303,383,47,1723.85,INR,UPI,STRIPE,TXN00000303,SUCCESS,2025-07-20 02:11:05,,2025-07-20 02:11:05,47,2025-07-20 02:11:05,47,
304,384,47,803.85,INR,WALLET,STRIPE,TXN00000304,SUCCESS,2024-06-17 14:10:47,,2024-06-17 14:10:47,47,2024-06-17 14:10:47,47,
305,385,47,523.85,INR,UPI,PAYTM,TXN00000305,SUCCESS,2024-01-11 21:37:02,,2024-01-11 21:37:02,47,2024-01-11 21:37:02,47,
306,388,48,918.85,INR,DEBIT_CARD,PAYTM,TXN00000306,SUCCESS,2025-05-21 18:26:09,,2025-05-21 18:26:09,48,2025-05-21 18:26:09,48,
307,389,48,688.85,INR,CREDIT_CARD,STRIPE,TXN00000307,SUCCESS,2024-12-04 03:20:39,,2024-12-04 03:20:39,48,2024-12-04 03:20:39,48,
308,391,48,523.85,INR,WALLET,STRIPE,TXN00000308,SUCCESS,2025-04-30 15:43:24,,2025-04-30 15:43:24,48,2025-04-30 15:43:24,48,
309,392,48,2298.85,INR,DEBIT_CARD,PAYTM,TXN00000309,SUCCESS,2024-07-01 12:48:13,,2024-07-01 12:48:13,48,2024-07-01 12:48:13,48,
310,393,48,408.85,INR,CREDIT_CARD,RAZORPAY,TXN00000310,SUCCESS,2024-04-26 00:57:33,,2024-04-26 00:57:33,48,2024-04-26 00:57:33,48,
311,394,48,588.85,INR,DEBIT_CARD,PAYTM,TXN00000311,SUCCESS,2025-05-22 07:39:11,,2025-05-22 07:39:11,48,2025-05-22 07:39:11,48,
312,395,48,1148.85,INR,DEBIT_CARD,STRIPE,TXN00000312,SUCCESS,2024-07-16 23:49:35,,2024-07-16 23:49:35,48,2024-07-16 23:49:35,48,
313,397,48,1673.85,INR,DEBIT_CARD,PAYTM,TXN00000313,SUCCESS,2025-05-05 14:26:19,,2025-05-05 14:26:19,48,2025-05-05 14:26:19,48,
314,398,48,1148.85,INR,CREDIT_CARD,RAZORPAY,TXN00000314,SUCCESS,2025-05-24 03:00:08,,2025-05-24 03:00:08,48,2025-05-24 03:00:08,48,
315,399,48,3400.00,INR,UPI,RAZORPAY,TXN00000315,SUCCESS,2025-06-27 14:18:58,,2025-06-27 14:18:58,48,2025-06-27 14:18:58,48,
316,401,48,918.85,INR,CREDIT_CARD,RAZORPAY,TXN00000316,SUCCESS,2025-02-01 07:29:22,,2025-02-01 07:29:22,48,2025-02-01 07:29:22,48,
317,402,48,1443.85,INR,CREDIT_CARD,RAZORPAY,TXN00000317,SUCCESS,2025-07-23 17:23:14,,2025-07-23 17:23:14,48,2025-07-23 17:23:14,48,
318,403,48,1673.85,INR,CREDIT_CARD,PAYTM,TXN00000318,SUCCESS,2025-06-12 14:31:07,,2025-06-12 14:31:07,48,2025-06-12 14:31:07,48,
319,404,48,703.85,INR,WALLET,STRIPE,TXN00000319,SUCCESS,2024-11-20 12:55:09,,2024-11-20 12:55:09,48,2024-11-20 12:55:09,48,
320,405,48,753.85,INR,CREDIT_CARD,PAYTM,TXN00000320,SUCCESS,2024-07-07 01:00:41,,2024-07-07 01:00:41,48,2024-07-07 01:00:41,48,
321,407,48,2198.85,INR,WALLET,PAYTM,TXN00000321,SUCCESS,2024-02-12 22:15:33,,2024-02-12 22:15:33,48,2024-02-12 22:15:33,48,
322,408,48,753.85,INR,DEBIT_CARD,STRIPE,TXN00000322,SUCCESS,2024-01-13 18:26:35,,2024-01-13 18:26:35,48,2024-01-13 18:26:35,48,
323,410,49,868.85,INR,WALLET,RAZORPAY,TXN00000323,SUCCESS,2025-07-25 14:03:34,,2025-07-25 14:03:34,49,2025-07-25 14:03:34,49,
324,411,49,818.85,INR,CREDIT_CARD,STRIPE,TXN00000324,SUCCESS,2025-04-02 00:32:04,,2025-04-02 00:32:04,49,2025-04-02 00:32:04,49,
325,412,49,408.85,INR,UPI,RAZORPAY,TXN00000325,SUCCESS,2024-09-07 04:27:21,,2024-09-07 04:27:21,49,2024-09-07 04:27:21,49,
326,413,49,2248.85,INR,WALLET,PAYTM,TXN00000326,SUCCESS,2025-07-18 10:42:18,,2025-07-18 10:42:18,49,2025-07-18 10:42:18,49,
327,414,49,918.85,INR,DEBIT_CARD,STRIPE,TXN00000327,SUCCESS,2025-04-02 14:28:06,,2025-04-02 14:28:06,49,2025-04-02 14:28:06,49,
328,415,49,2775.00,INR,WALLET,STRIPE,TXN00000328,SUCCESS,2025-10-27 06:22:02,,2025-10-27 06:22:02,49,2025-10-27 06:22:02,49,
329,417,49,638.85,INR,UPI,PAYTM,TXN00000329,SUCCESS,2024-06-29 10:29:37,,2024-06-29 10:29:37,49,2024-06-29 10:29:37,49,
330,418,49,2298.85,INR,CREDIT_CARD,STRIPE,TXN00000330,SUCCESS,2025-01-15 22:32:46,,2025-01-15 22:32:46,49,2025-01-15 22:32:46,49,
331,419,49,523.85,INR,UPI,STRIPE,TXN00000331,SUCCESS,2024-04-29 22:15:16,,2024-04-29 22:15:16,49,2024-04-29 22:15:16,49,
332,422,49,1493.85,INR,WALLET,STRIPE,TXN00000332,SUCCESS,2024-09-13 14:31:53,,2024-09-13 14:31:53,49,2024-09-13 14:31:53,49,
333,423,49,3400.00,INR,DEBIT_CARD,PAYTM,TXN00000333,SUCCESS,2025-01-09 01:33:18,,2025-01-09 01:33:18,49,2025-01-09 01:33:18,49,
334,424,49,1098.85,INR,UPI,STRIPE,TXN00000334,SUCCESS,2024-05-12 20:31:00,,2024-05-12 20:31:00,49,2024-05-12 20:31:00,49,
335,425,49,243.85,INR,CREDIT_CARD,STRIPE,TXN00000335,SUCCESS,2025-11-11 16:33:31,,2025-11-11 16:33:31,49,2025-11-11 16:33:31,49,
336,426,50,1393.85,INR,WALLET,STRIPE,TXN00000336,SUCCESS,2025-05-29 01:55:37,,2025-05-29 01:55:37,50,2025-05-29 01:55:37,50,
337,427,50,243.85,INR,CREDIT_CARD,PAYTM,TXN00000337,SUCCESS,2025-05-14 04:50:54,,2025-05-14 04:50:54,50,2025-05-14 04:50:54,50,
338,428,50,1673.85,INR,UPI,STRIPE,TXN00000338,SUCCESS,2025-07-01 23:58:32,,2025-07-01 23:58:32,50,2025-07-01 23:58:32,50,
339,429,50,343.85,INR,CREDIT_CARD,RAZORPAY,TXN00000339,SUCCESS,2025-10-21 12:00:33,,2025-10-21 12:00:33,50,2025-10-21 12:00:33,50,
340,430,50,1098.85,INR,CREDIT_CARD,STRIPE,TXN00000340,SUCCESS,2025-08-05 00:42:48,,2025-08-05 00:42:48,50,2025-08-05 00:42:48,50,
341,431,50,2198.85,INR,WALLET,RAZORPAY,TXN00000341,SUCCESS,2025-03-03 09:41:43,,2025-03-03 09:41:43,50,2025-03-03 09:41:43,50,
342,435,50,803.85,INR,WALLET,RAZORPAY,TXN00000342,SUCCESS,2024-03-10 06:05:50,,2024-03-10 06:05:50,50,2024-03-10 06:05:50,50,
343,436,50,2875.00,INR,WALLET,PAYTM,TXN00000343,SUCCESS,2024-07-14 06:05:27,,2024-07-14 06:05:27,50,2024-07-14 06:05:27,50,
344,437,50,2875.00,INR,WALLET,PAYTM,TXN00000344,SUCCESS,2025-03-07 00:14:34,,2025-03-07 00:14:34,50,2025-03-07 00:14:34,50,
345,438,50,638.85,INR,UPI,RAZORPAY,TXN00000345,SUCCESS,2024-05-25 21:36:35,,2024-05-25 21:36:35,50,2024-05-25 21:36:35,50,
346,440,50,2875.00,INR,CREDIT_CARD,PAYTM,TXN00000346,SUCCESS,2024-12-19 22:44:35,,2024-12-19 22:44:35,50,2024-12-19 22:44:35,50,
347,441,50,1623.85,INR,WALLET,RAZORPAY,TXN00000347,SUCCESS,2025-08-04 01:43:20,,2025-08-04 01:43:20,50,2025-08-04 01:43:20,50,
348,442,50,2198.85,INR,CREDIT_CARD,RAZORPAY,TXN00000348,SUCCESS,2024-02-18 13:54:36,,2024-02-18 13:54:36,50,2024-02-18 13:54:36,50,
349,443,50,2298.85,INR,DEBIT_CARD,STRIPE,TXN00000349,SUCCESS,2024-05-05 00:20:09,,2024-05-05 00:20:09,50,2024-05-05 00:20:09,50,
350,444,51,803.85,INR,CREDIT_CARD,PAYTM,TXN00000350,SUCCESS,2025-04-26 20:24:51,,2025-04-26 20:24:51,51,2025-04-26 20:24:51,51,
351,445,51,408.85,INR,DEBIT_CARD,STRIPE,TXN00000351,SUCCESS,2024-04-13 14:44:30,,2024-04-13 14:44:30,51,2024-04-13 14:44:30,51,
352,446,51,2298.85,INR,DEBIT_CARD,PAYTM,TXN00000352,SUCCESS,2025-07-03 20:20:57,,2025-07-03 20:20:57,51,2025-07-03 20:20:57,51,
353,447,51,573.85,INR,UPI,STRIPE,TXN00000353,SUCCESS,2025-06-07 10:48:53,,2025-06-07 10:48:53,51,2025-06-07 10:48:53,51,
354,448,51,1623.85,INR,DEBIT_CARD,PAYTM,TXN00000354,SUCCESS,2025-01-14 18:06:24,,2025-01-14 18:06:24,51,2025-01-14 18:06:24,51,
355,449,51,2775.00,INR,CREDIT_CARD,STRIPE,TXN00000355,SUCCESS,2025-07-28 16:54:06,,2025-07-28 16:54:06,51,2025-07-28 16:54:06,51,
356,451,51,458.85,INR,WALLET,RAZORPAY,TXN00000356,SUCCESS,2024-09-01 19:04:20,,2024-09-01 19:04:20,51,2024-09-01 19:04:20,51,
357,453,51,1623.85,INR,WALLET,STRIPE,TXN00000357,SUCCESS,2024-04-09 04:48:00,,2024-04-09 04:48:00,51,2024-04-09 04:48:00,51,
358,456,51,358.85,INR,UPI,PAYTM,TXN00000358,SUCCESS,2024-08-31 14:49:32,,2024-08-31 14:49:32,51,2024-08-31 14:49:32,51,
359,457,51,293.85,INR,CREDIT_CARD,RAZORPAY,TXN00000359,SUCCESS,2024-10-15 03:32:34,,2024-10-15 03:32:34,51,2024-10-15 03:32:34,51,
360,459,51,1443.85,INR,WALLET,PAYTM,TXN00000360,SUCCESS,2025-03-06 14:57:30,,2025-03-06 14:57:30,51,2025-03-06 14:57:30,51,
361,460,51,2825.00,INR,CREDIT_CARD,RAZORPAY,TXN00000361,SUCCESS,2024-10-04 02:13:41,,2024-10-04 02:13:41,51,2024-10-04 02:13:41,51,
362,462,51,703.85,INR,DEBIT_CARD,STRIPE,TXN00000362,SUCCESS,2025-04-23 17:08:09,,2025-04-23 17:08:09,51,2025-04-23 17:08:09,51,
363,463,51,2825.00,INR,CREDIT_CARD,PAYTM,TXN00000363,SUCCESS,2025-05-08 11:48:30,,2025-05-08 11:48:30,51,2025-05-08 11:48:30,51,
364,465,52,703.85,INR,WALLET,PAYTM,TXN00000364,SUCCESS,2024-06-09 19:41:25,,2024-06-09 19:41:25,52,2024-06-09 19:41:25,52,
365,467,52,688.85,INR,WALLET,RAZORPAY,TXN00000365,SUCCESS,2024-04-29 15:44:52,,2024-04-29 15:44:52,52,2024-04-29 15:44:52,52,
366,469,52,293.85,INR,CREDIT_CARD,RAZORPAY,TXN00000366,SUCCESS,2025-10-10 17:58:07,,2025-10-10 17:58:07,52,2025-10-10 17:58:07,52,
367,470,52,3450.00,INR,WALLET,PAYTM,TXN00000367,SUCCESS,2024-05-15 11:49:43,,2024-05-15 11:49:43,52,2024-05-15 11:49:43,52,
368,471,52,803.85,INR,DEBIT_CARD,STRIPE,TXN00000368,SUCCESS,2024-06-12 09:25:44,,2024-06-12 09:25:44,52,2024-06-12 09:25:44,52,
369,472,52,2825.00,INR,UPI,RAZORPAY,TXN00000369,SUCCESS,2024-11-18 07:51:02,,2024-11-18 07:51:02,52,2024-11-18 07:51:02,52,
370,473,52,243.85,INR,CREDIT_CARD,STRIPE,TXN00000370,SUCCESS,2024-06-24 03:05:32,,2024-06-24 03:05:32,52,2024-06-24 03:05:32,52,
371,475,52,1623.85,INR,CREDIT_CARD,PAYTM,TXN00000371,SUCCESS,2025-05-13 15:04:21,,2025-05-13 15:04:21,52,2025-05-13 15:04:21,52,
372,477,52,2825.00,INR,UPI,STRIPE,TXN00000372,SUCCESS,2025-10-19 14:42:20,,2025-10-19 14:42:20,52,2025-10-19 14:42:20,52,
373,478,52,688.85,INR,DEBIT_CARD,RAZORPAY,TXN00000373,SUCCESS,2024-05-16 13:23:55,,2024-05-16 13:23:55,52,2024-05-16 13:23:55,52,
374,480,52,523.85,INR,WALLET,STRIPE,TXN00000374,SUCCESS,2024-08-12 22:09:49,,2024-08-12 22:09:49,52,2024-08-12 22:09:49,52,
375,481,52,243.85,INR,CREDIT_CARD,PAYTM,TXN00000375,SUCCESS,2024-09-18 05:04:25,,2024-09-18 05:04:25,52,2024-09-18 05:04:25,52,
376,482,53,2825.00,INR,UPI,PAYTM,TXN00000376,SUCCESS,2024-08-14 00:22:06,,2024-08-14 00:22:06,53,2024-08-14 00:22:06,53,
377,483,53,588.85,INR,DEBIT_CARD,PAYTM,TXN00000377,SUCCESS,2024-10-14 04:20:21,,2024-10-14 04:20:21,53,2024-10-14 04:20:21,53,
378,484,53,588.85,INR,UPI,RAZORPAY,TXN00000378,SUCCESS,2025-04-17 13:35:22,,2025-04-17 13:35:22,53,2025-04-17 13:35:22,53,
379,485,53,2298.85,INR,UPI,STRIPE,TXN00000379,SUCCESS,2025-01-03 12:12:37,,2025-01-03 12:12:37,53,2025-01-03 12:12:37,53,
380,486,53,2248.85,INR,UPI,RAZORPAY,TXN00000380,SUCCESS,2024-12-24 12:55:03,,2024-12-24 12:55:03,53,2024-12-24 12:55:03,53,
381,487,53,703.85,INR,CREDIT_CARD,STRIPE,TXN00000381,SUCCESS,2024-02-16 18:39:49,,2024-02-16 18:39:49,53,2024-02-16 18:39:49,53,
382,488,53,3450.00,INR,CREDIT_CARD,PAYTM,TXN00000382,SUCCESS,2025-01-16 20:11:09,,2025-01-16 20:11:09,53,2025-01-16 20:11:09,53,
383,489,53,523.85,INR,WALLET,RAZORPAY,TXN00000383,SUCCESS,2025-04-22 12:54:59,,2025-04-22 12:54:59,53,2025-04-22 12:54:59,53,
384,490,53,2875.00,INR,DEBIT_CARD,RAZORPAY,TXN00000384,SUCCESS,2024-08-14 01:23:26,,2024-08-14 01:23:26,53,2024-08-14 01:23:26,53,
385,491,53,638.85,INR,CREDIT_CARD,STRIPE,TXN00000385,SUCCESS,2025-09-06 18:32:24,,2025-09-06 18:32:24,53,2025-09-06 18:32:24,53,
386,492,53,473.85,INR,DEBIT_CARD,STRIPE,TXN00000386,SUCCESS,2025-05-03 15:30:25,,2025-05-03 15:30:25,53,2025-05-03 15:30:25,53,
387,493,53,243.85,INR,WALLET,RAZORPAY,TXN00000387,SUCCESS,2024-11-22 20:28:03,,2024-11-22 20:28:03,53,2024-11-22 20:28:03,53,
388,494,53,1148.85,INR,WALLET,STRIPE,TXN00000388,SUCCESS,2024-07-05 10:27:06,,2024-07-05 10:27:06,53,2024-07-05 10:27:06,53,
389,495,53,2875.00,INR,UPI,STRIPE,TXN00000389,SUCCESS,2024-08-01 19:37:08,,2024-08-01 19:37:08,53,2024-08-01 19:37:08,53,
390,497,53,358.85,INR,WALLET,PAYTM,TXN00000390,SUCCESS,2024-07-09 12:01:00,,2024-07-09 12:01:00,53,2024-07-09 12:01:00,53,
391,498,53,3450.00,INR,DEBIT_CARD,STRIPE,TXN00000391,SUCCESS,2024-12-02 03:29:48,,2024-12-02 03:29:48,53,2024-12-02 03:29:48,53,
392,499,53,918.85,INR,CREDIT_CARD,RAZORPAY,TXN00000392,SUCCESS,2025-05-08 10:44:03,,2025-05-08 10:44:03,53,2025-05-08 10:44:03,53,
393,500,54,458.85,INR,DEBIT_CARD,PAYTM,TXN00000393,SUCCESS,2025-02-12 13:03:23,,2025-02-12 13:03:23,54,2025-02-12 13:03:23,54,
394,501,54,1098.85,INR,DEBIT_CARD,RAZORPAY,TXN00000394,SUCCESS,2025-02-12 18:23:50,,2025-02-12 18:23:50,54,2025-02-12 18:23:50,54,
395,502,54,3400.00,INR,WALLET,RAZORPAY,TXN00000395,SUCCESS,2024-10-09 13:16:34,,2024-10-09 13:16:34,54,2024-10-09 13:16:34,54,
396,503,54,688.85,INR,WALLET,PAYTM,TXN00000396,SUCCESS,2025-07-20 01:32:12,,2025-07-20 01:32:12,54,2025-07-20 01:32:12,54,
397,504,54,1098.85,INR,UPI,PAYTM,TXN00000397,SUCCESS,2025-05-03 19:15:35,,2025-05-03 19:15:35,54,2025-05-03 19:15:35,54,
398,505,54,2298.85,INR,DEBIT_CARD,STRIPE,TXN00000398,SUCCESS,2025-03-26 12:51:52,,2025-03-26 12:51:52,54,2025-03-26 12:51:52,54,
399,506,54,458.85,INR,DEBIT_CARD,STRIPE,TXN00000399,SUCCESS,2024-02-13 05:38:00,,2024-02-13 05:38:00,54,2024-02-13 05:38:00,54,
400,508,54,2875.00,INR,DEBIT_CARD,RAZORPAY,TXN00000400,SUCCESS,2024-02-08 18:57:40,,2024-02-08 18:57:40,54,2024-02-08 18:57:40,54,
401,510,54,588.85,INR,DEBIT_CARD,PAYTM,TXN00000401,SUCCESS,2024-07-08 20:06:28,,2024-07-08 20:06:28,54,2024-07-08 20:06:28,54,
402,511,54,293.85,INR,UPI,PAYTM,TXN00000402,SUCCESS,2024-08-08 02:01:35,,2024-08-08 02:01:35,54,2024-08-08 02:01:35,54,
403,512,54,818.85,INR,UPI,PAYTM,TXN00000403,SUCCESS,2024-01-30 22:38:55,,2024-01-30 22:38:55,54,2024-01-30 22:38:55,54,
404,513,54,868.85,INR,CREDIT_CARD,STRIPE,TXN00000404,SUCCESS,2024-02-08 04:20:25,,2024-02-08 04:20:25,54,2024-02-08 04:20:25,54,
405,514,54,1673.85,INR,WALLET,PAYTM,TXN00000405,SUCCESS,2024-03-05 05:48:27,,2024-03-05 05:48:27,54,2024-03-05 05:48:27,54,
406,515,54,588.85,INR,DEBIT_CARD,RAZORPAY,TXN00000406,SUCCESS,2024-07-02 17:43:59,,2024-07-02 17:43:59,54,2024-07-02 17:43:59,54,
407,517,54,753.85,INR,DEBIT_CARD,PAYTM,TXN00000407,SUCCESS,2024-11-15 19:00:42,,2024-11-15 19:00:42,54,2024-11-15 19:00:42,54,
408,518,54,753.85,INR,CREDIT_CARD,PAYTM,TXN00000408,SUCCESS,2024-02-29 02:07:53,,2024-02-29 02:07:53,54,2024-02-29 02:07:53,54,
409,519,54,458.85,INR,WALLET,PAYTM,TXN00000409,SUCCESS,2025-05-06 17:22:44,,2025-05-06 17:22:44,54,2025-05-06 17:22:44,54,
410,520,55,1623.85,INR,CREDIT_CARD,RAZORPAY,TXN00000410,SUCCESS,2025-05-05 14:22:15,,2025-05-05 14:22:15,55,2025-05-05 14:22:15,55,
411,521,55,2198.85,INR,UPI,PAYTM,TXN00000411,SUCCESS,2024-12-24 15:32:30,,2024-12-24 15:32:30,55,2024-12-24 15:32:30,55,
412,522,55,1393.85,INR,DEBIT_CARD,PAYTM,TXN00000412,SUCCESS,2025-04-10 18:43:43,,2025-04-10 18:43:43,55,2025-04-10 18:43:43,55,
413,523,55,1623.85,INR,CREDIT_CARD,PAYTM,TXN00000413,SUCCESS,2025-01-03 21:16:07,,2025-01-03 21:16:07,55,2025-01-03 21:16:07,55,
414,524,55,473.85,INR,DEBIT_CARD,STRIPE,TXN00000414,SUCCESS,2024-01-29 07:54:36,,2024-01-29 07:54:36,55,2024-01-29 07:54:36,55,
415,525,55,1148.85,INR,DEBIT_CARD,STRIPE,TXN00000415,SUCCESS,2025-03-16 23:21:57,,2025-03-16 23:21:57,55,2025-03-16 23:21:57,55,
416,526,55,2875.00,INR,CREDIT_CARD,PAYTM,TXN00000416,SUCCESS,2025-05-04 08:28:11,,2025-05-04 08:28:11,55,2025-05-04 08:28:11,55,
417,527,55,1098.85,INR,UPI,STRIPE,TXN00000417,SUCCESS,2024-07-01 00:30:46,,2024-07-01 00:30:46,55,2024-07-01 00:30:46,55,
418,528,55,573.85,INR,WALLET,RAZORPAY,TXN00000418,SUCCESS,2024-09-07 04:49:33,,2024-09-07 04:49:33,55,2024-09-07 04:49:33,55,
419,530,55,573.85,INR,DEBIT_CARD,PAYTM,TXN00000419,SUCCESS,2025-03-10 03:24:25,,2025-03-10 03:24:25,55,2025-03-10 03:24:25,55,
420,531,55,408.85,INR,WALLET,STRIPE,TXN00000420,SUCCESS,2025-01-10 20:43:32,,2025-01-10 20:43:32,55,2025-01-10 20:43:32,55,
421,532,55,408.85,INR,UPI,RAZORPAY,TXN00000421,SUCCESS,2024-03-29 03:23:29,,2024-03-29 03:23:29,55,2024-03-29 03:23:29,55,
422,533,55,1623.85,INR,UPI,STRIPE,TXN00000422,SUCCESS,2024-07-22 05:06:40,,2024-07-22 05:06:40,55,2024-07-22 05:06:40,55,
423,534,55,3450.00,INR,UPI,PAYTM,TXN00000423,SUCCESS,2024-02-15 20:02:25,,2024-02-15 20:02:25,55,2024-02-15 20:02:25,55,
424,536,56,703.85,INR,WALLET,RAZORPAY,TXN00000424,SUCCESS,2025-09-26 18:09:11,,2025-09-26 18:09:11,56,2025-09-26 18:09:11,56,
425,537,56,638.85,INR,DEBIT_CARD,RAZORPAY,TXN00000425,SUCCESS,2024-08-01 22:53:08,,2024-08-01 22:53:08,56,2024-08-01 22:53:08,56,
426,538,56,2775.00,INR,WALLET,PAYTM,TXN00000426,SUCCESS,2025-10-18 14:49:38,,2025-10-18 14:49:38,56,2025-10-18 14:49:38,56,
427,539,56,818.85,INR,UPI,RAZORPAY,TXN00000427,SUCCESS,2024-11-13 06:32:25,,2024-11-13 06:32:25,56,2024-11-13 06:32:25,56,
428,540,56,2825.00,INR,WALLET,STRIPE,TXN00000428,SUCCESS,2025-03-17 18:47:46,,2025-03-17 18:47:46,56,2025-03-17 18:47:46,56,
429,541,56,473.85,INR,WALLET,STRIPE,TXN00000429,SUCCESS,2024-04-18 15:41:49,,2024-04-18 15:41:49,56,2024-04-18 15:41:49,56,
430,542,56,2248.85,INR,DEBIT_CARD,RAZORPAY,TXN00000430,SUCCESS,2024-12-08 20:54:18,,2024-12-08 20:54:18,56,2024-12-08 20:54:18,56,
431,543,56,753.85,INR,CREDIT_CARD,PAYTM,TXN00000431,SUCCESS,2025-04-01 16:02:19,,2025-04-01 16:02:19,56,2025-04-01 16:02:19,56,
432,544,56,2775.00,INR,WALLET,STRIPE,TXN00000432,SUCCESS,2025-11-12 10:38:10,,2025-11-12 10:38:10,56,2025-11-12 10:38:10,56,
433,545,56,2198.85,INR,WALLET,RAZORPAY,TXN00000433,SUCCESS,2024-08-28 09:22:38,,2024-08-28 09:22:38,56,2024-08-28 09:22:38,56,
434,546,56,573.85,INR,CREDIT_CARD,RAZORPAY,TXN00000434,SUCCESS,2024-04-07 15:25:44,,2024-04-07 15:25:44,56,2024-04-07 15:25:44,56,
435,547,56,2875.00,INR,DEBIT_CARD,RAZORPAY,TXN00000435,SUCCESS,2024-06-28 02:00:15,,2024-06-28 02:00:15,56,2024-06-28 02:00:15,56,
436,548,56,2248.85,INR,WALLET,STRIPE,TXN00000436,SUCCESS,2024-11-16 05:11:51,,2024-11-16 05:11:51,56,2024-11-16 05:11:51,56,
437,549,56,293.85,INR,CREDIT_CARD,STRIPE,TXN00000437,SUCCESS,2024-04-01 10:27:17,,2024-04-01 10:27:17,56,2024-04-01 10:27:17,56,
438,550,56,3400.00,INR,UPI,STRIPE,TXN00000438,SUCCESS,2024-07-11 18:44:18,,2024-07-11 18:44:18,56,2024-07-11 18:44:18,56,
439,552,56,1098.85,INR,DEBIT_CARD,STRIPE,TXN00000439,SUCCESS,2024-02-13 20:37:13,,2024-02-13 20:37:13,56,2024-02-13 20:37:13,56,
440,556,57,3350.00,INR,CREDIT_CARD,PAYTM,TXN00000440,SUCCESS,2025-06-27 01:41:37,,2025-06-27 01:41:37,57,2025-06-27 01:41:37,57,
441,557,57,703.85,INR,DEBIT_CARD,PAYTM,TXN00000441,SUCCESS,2024-06-13 14:13:16,,2024-06-13 14:13:16,57,2024-06-13 14:13:16,57,
442,558,57,688.85,INR,DEBIT_CARD,STRIPE,TXN00000442,SUCCESS,2024-09-19 04:24:46,,2024-09-19 04:24:46,57,2024-09-19 04:24:46,57,
443,559,57,2825.00,INR,UPI,STRIPE,TXN00000443,SUCCESS,2024-11-18 13:24:06,,2024-11-18 13:24:06,57,2024-11-18 13:24:06,57,
444,560,57,573.85,INR,DEBIT_CARD,RAZORPAY,TXN00000444,SUCCESS,2025-07-24 08:12:56,,2025-07-24 08:12:56,57,2025-07-24 08:12:56,57,
445,562,57,343.85,INR,UPI,STRIPE,TXN00000445,SUCCESS,2025-05-13 06:57:27,,2025-05-13 06:57:27,57,2025-05-13 06:57:27,57,
446,563,57,1443.85,INR,UPI,RAZORPAY,TXN00000446,SUCCESS,2024-10-30 10:42:38,,2024-10-30 10:42:38,57,2024-10-30 10:42:38,57,
447,564,57,1493.85,INR,UPI,STRIPE,TXN00000447,SUCCESS,2025-06-03 15:01:53,,2025-06-03 15:01:53,57,2025-06-03 15:01:53,57,
448,565,57,1098.85,INR,DEBIT_CARD,PAYTM,TXN00000448,SUCCESS,2024-08-12 02:56:39,,2024-08-12 02:56:39,57,2024-08-12 02:56:39,57,
449,566,57,1393.85,INR,WALLET,STRIPE,TXN00000449,SUCCESS,2025-04-19 13:46:14,,2025-04-19 13:46:14,57,2025-04-19 13:46:14,57,
450,567,57,638.85,INR,CREDIT_CARD,RAZORPAY,TXN00000450,SUCCESS,2024-03-16 11:41:19,,2024-03-16 11:41:19,57,2024-03-16 11:41:19,57,
451,568,57,868.85,INR,WALLET,PAYTM,TXN00000451,SUCCESS,2025-05-23 11:04:50,,2025-05-23 11:04:50,57,2025-05-23 11:04:50,57,
452,569,57,1673.85,INR,WALLET,STRIPE,TXN00000452,SUCCESS,2025-06-17 05:40:45,,2025-06-17 05:40:45,57,2025-06-17 05:40:45,57,
453,570,57,1148.85,INR,UPI,RAZORPAY,TXN00000453,SUCCESS,2024-03-02 08:50:56,,2024-03-02 08:50:56,57,2024-03-02 08:50:56,57,
454,571,57,343.85,INR,CREDIT_CARD,PAYTM,TXN00000454,SUCCESS,2025-11-04 16:53:41,,2025-11-04 16:53:41,57,2025-11-04 16:53:41,57,
455,573,57,868.85,INR,UPI,PAYTM,TXN00000455,SUCCESS,2024-03-08 15:10:49,,2024-03-08 15:10:49,57,2024-03-08 15:10:49,57,
456,574,57,3450.00,INR,DEBIT_CARD,STRIPE,TXN00000456,SUCCESS,2024-07-02 15:33:20,,2024-07-02 15:33:20,57,2024-07-02 15:33:20,57,
457,575,57,1493.85,INR,UPI,PAYTM,TXN00000457,SUCCESS,2025-05-10 18:46:16,,2025-05-10 18:46:16,57,2025-05-10 18:46:16,57,
458,576,58,688.85,INR,WALLET,RAZORPAY,TXN00000458,SUCCESS,2025-01-19 23:45:22,,2025-01-19 23:45:22,58,2025-01-19 23:45:22,58,
459,577,58,3350.00,INR,CREDIT_CARD,STRIPE,TXN00000459,SUCCESS,2024-11-20 03:29:01,,2024-11-20 03:29:01,58,2024-11-20 03:29:01,58,
460,578,58,1393.85,INR,WALLET,STRIPE,TXN00000460,SUCCESS,2025-04-27 18:47:57,,2025-04-27 18:47:57,58,2025-04-27 18:47:57,58,
461,579,58,2825.00,INR,CREDIT_CARD,STRIPE,TXN00000461,SUCCESS,2025-07-28 03:36:49,,2025-07-28 03:36:49,58,2025-07-28 03:36:49,58,
462,580,58,343.85,INR,WALLET,STRIPE,TXN00000462,SUCCESS,2025-09-25 20:15:42,,2025-09-25 20:15:42,58,2025-09-25 20:15:42,58,
463,581,58,2298.85,INR,CREDIT_CARD,STRIPE,TXN00000463,SUCCESS,2024-07-20 07:48:16,,2024-07-20 07:48:16,58,2024-07-20 07:48:16,58,
464,582,58,2298.85,INR,WALLET,RAZORPAY,TXN00000464,SUCCESS,2025-04-29 00:39:47,,2025-04-29 00:39:47,58,2025-04-29 00:39:47,58,
465,584,58,343.85,INR,DEBIT_CARD,RAZORPAY,TXN00000465,SUCCESS,2024-01-19 09:16:46,,2024-01-19 09:16:46,58,2024-01-19 09:16:46,58,
466,585,58,818.85,INR,WALLET,RAZORPAY,TXN00000466,SUCCESS,2025-04-25 09:15:50,,2025-04-25 09:15:50,58,2025-04-25 09:15:50,58,
467,586,58,1148.85,INR,UPI,PAYTM,TXN00000467,SUCCESS,2025-10-18 22:39:38,,2025-10-18 22:39:38,58,2025-10-18 22:39:38,58,
468,587,58,868.85,INR,DEBIT_CARD,STRIPE,TXN00000468,SUCCESS,2024-12-08 05:59:41,,2024-12-08 05:59:41,58,2024-12-08 05:59:41,58,
469,588,58,1048.85,INR,WALLET,PAYTM,TXN00000469,SUCCESS,2024-04-25 11:34:21,,2024-04-25 11:34:21,58,2024-04-25 11:34:21,58,
470,589,58,1673.85,INR,DEBIT_CARD,RAZORPAY,TXN00000470,SUCCESS,2024-08-25 04:14:52,,2024-08-25 04:14:52,58,2024-08-25 04:14:52,58,
471,590,58,573.85,INR,CREDIT_CARD,PAYTM,TXN00000471,SUCCESS,2025-09-06 17:22:18,,2025-09-06 17:22:18,58,2025-09-06 17:22:18,58,
472,591,58,588.85,INR,CREDIT_CARD,STRIPE,TXN00000472,SUCCESS,2024-02-07 14:34:29,,2024-02-07 14:34:29,58,2024-02-07 14:34:29,58,
473,592,58,3450.00,INR,DEBIT_CARD,RAZORPAY,TXN00000473,SUCCESS,2024-12-21 10:50:00,,2024-12-21 10:50:00,58,2024-12-21 10:50:00,58,
474,593,58,243.85,INR,DEBIT_CARD,RAZORPAY,TXN00000474,SUCCESS,2024-11-11 12:41:16,,2024-11-11 12:41:16,58,2024-11-11 12:41:16,58,
475,594,59,868.85,INR,UPI,STRIPE,TXN00000475,SUCCESS,2024-09-07 07:11:59,,2024-09-07 07:11:59,59,2024-09-07 07:11:59,59,
476,595,59,2198.85,INR,WALLET,STRIPE,TXN00000476,SUCCESS,2024-06-02 22:05:38,,2024-06-02 22:05:38,59,2024-06-02 22:05:38,59,
477,596,59,3400.00,INR,DEBIT_CARD,RAZORPAY,TXN00000477,SUCCESS,2024-10-08 08:55:06,,2024-10-08 08:55:06,59,2024-10-08 08:55:06,59,
478,597,59,458.85,INR,DEBIT_CARD,STRIPE,TXN00000478,SUCCESS,2025-03-23 17:04:01,,2025-03-23 17:04:01,59,2025-03-23 17:04:01,59,
479,598,59,2875.00,INR,DEBIT_CARD,STRIPE,TXN00000479,SUCCESS,2024-01-10 13:27:03,,2024-01-10 13:27:03,59,2024-01-10 13:27:03,59,
480,600,59,703.85,INR,UPI,STRIPE,TXN00000480,SUCCESS,2025-10-18 11:19:41,,2025-10-18 11:19:41,59,2025-10-18 11:19:41,59,
481,601,59,473.85,INR,DEBIT_CARD,RAZORPAY,TXN00000481,SUCCESS,2024-01-22 09:16:49,,2024-01-22 09:16:49,59,2024-01-22 09:16:49,59,
482,602,59,1148.85,INR,UPI,STRIPE,TXN00000482,SUCCESS,2024-12-21 11:45:42,,2024-12-21 11:45:42,59,2024-12-21 11:45:42,59,
483,604,59,343.85,INR,UPI,RAZORPAY,TXN00000483,SUCCESS,2024-08-24 03:40:23,,2024-08-24 03:40:23,59,2024-08-24 03:40:23,59,
484,605,59,2775.00,INR,CREDIT_CARD,PAYTM,TXN00000484,SUCCESS,2025-09-17 22:15:57,,2025-09-17 22:15:57,59,2025-09-17 22:15:57,59,
485,606,59,523.85,INR,UPI,STRIPE,TXN00000485,SUCCESS,2024-10-03 01:23:10,,2024-10-03 01:23:10,59,2024-10-03 01:23:10,59,
486,607,59,753.85,INR,CREDIT_CARD,PAYTM,TXN00000486,SUCCESS,2025-02-09 07:24:03,,2025-02-09 07:24:03,59,2025-02-09 07:24:03,59,
487,608,59,803.85,INR,WALLET,PAYTM,TXN00000487,SUCCESS,2024-08-15 23:39:08,,2024-08-15 23:39:08,59,2024-08-15 23:39:08,59,
488,609,59,803.85,INR,WALLET,RAZORPAY,TXN00000488,SUCCESS,2025-07-14 11:11:50,,2025-07-14 11:11:50,59,2025-07-14 11:11:50,59,
489,610,59,3450.00,INR,WALLET,PAYTM,TXN00000489,SUCCESS,2025-01-15 15:34:52,,2025-01-15 15:34:52,59,2025-01-15 15:34:52,59,
490,611,60,2298.85,INR,UPI,PAYTM,TXN00000490,SUCCESS,2024-04-14 13:19:57,,2024-04-14 13:19:57,60,2024-04-14 13:19:57,60,
491,612,60,343.85,INR,UPI,PAYTM,TXN00000491,SUCCESS,2024-01-31 05:18:53,,2024-01-31 05:18:53,60,2024-01-31 05:18:53,60,
492,613,60,343.85,INR,DEBIT_CARD,STRIPE,TXN00000492,SUCCESS,2025-07-27 11:36:56,,2025-07-27 11:36:56,60,2025-07-27 11:36:56,60,
493,615,60,2248.85,INR,WALLET,STRIPE,TXN00000493,SUCCESS,2025-02-05 03:39:02,,2025-02-05 03:39:02,60,2025-02-05 03:39:02,60,
494,617,60,2198.85,INR,UPI,RAZORPAY,TXN00000494,SUCCESS,2025-02-20 04:09:32,,2025-02-20 04:09:32,60,2025-02-20 04:09:32,60,
495,619,60,1098.85,INR,DEBIT_CARD,PAYTM,TXN00000495,SUCCESS,2024-01-13 14:54:42,,2024-01-13 14:54:42,60,2024-01-13 14:54:42,60,
496,621,60,293.85,INR,DEBIT_CARD,STRIPE,TXN00000496,SUCCESS,2024-07-04 20:32:22,,2024-07-04 20:32:22,60,2024-07-04 20:32:22,60,
497,622,60,2825.00,INR,WALLET,RAZORPAY,TXN00000497,SUCCESS,2024-06-03 05:28:28,,2024-06-03 05:28:28,60,2024-06-03 05:28:28,60,
498,623,60,473.85,INR,WALLET,STRIPE,TXN00000498,SUCCESS,2025-06-17 07:52:33,,2025-06-17 07:52:33,60,2025-06-17 07:52:33,60,
499,624,60,2875.00,INR,DEBIT_CARD,STRIPE,TXN00000499,SUCCESS,2025-04-12 04:05:56,,2025-04-12 04:05:56,60,2025-04-12 04:05:56,60,
500,625,60,458.85,INR,WALLET,PAYTM,TXN00000500,SUCCESS,2025-11-05 18:29:15,,2025-11-05 18:29:15,60,2025-11-05 18:29:15,60,
501,626,60,523.85,INR,DEBIT_CARD,PAYTM,TXN00000501,SUCCESS,2024-10-08 16:37:01,,2024-10-08 16:37:01,60,2024-10-08 16:37:01,60,
502,627,60,293.85,INR,UPI,PAYTM,TXN00000502,SUCCESS,2025-05-03 21:16:49,,2025-05-03 21:16:49,60,2025-05-03 21:16:49,60,
503,629,60,753.85,INR,UPI,RAZORPAY,TXN00000503,SUCCESS,2025-02-27 10:58:46,,2025-02-27 10:58:46,60,2025-02-27 10:58:46,60,
504,630,60,343.85,INR,UPI,STRIPE,TXN00000504,SUCCESS,2025-04-06 02:26:04,,2025-04-06 02:26:04,60,2025-04-06 02:26:04,60,
505,631,60,638.85,INR,UPI,RAZORPAY,TXN00000505,SUCCESS,2025-06-10 03:32:39,,2025-06-10 03:32:39,60,2025-06-10 03:32:39,60,
506,633,60,688.85,INR,WALLET,STRIPE,TXN00000506,SUCCESS,2024-03-03 05:52:07,,2024-03-03 05:52:07,60,2024-03-03 05:52:07,60,
507,634,61,703.85,INR,DEBIT_CARD,PAYTM,TXN00000507,SUCCESS,2025-10-05 01:32:19,,2025-10-05 01:32:19,61,2025-10-05 01:32:19,61,
508,639,61,2875.00,INR,UPI,STRIPE,TXN00000508,SUCCESS,2025-05-27 19:04:30,,2025-05-27 19:04:30,61,2025-05-27 19:04:30,61,
509,641,61,2775.00,INR,CREDIT_CARD,PAYTM,TXN00000509,SUCCESS,2025-06-10 06:26:16,,2025-06-10 06:26:16,61,2025-06-10 06:26:16,61,
510,642,61,688.85,INR,CREDIT_CARD,PAYTM,TXN00000510,SUCCESS,2025-02-07 17:32:21,,2025-02-07 17:32:21,61,2025-02-07 17:32:21,61,
511,643,61,2298.85,INR,DEBIT_CARD,PAYTM,TXN00000511,SUCCESS,2025-04-07 12:11:07,,2025-04-07 12:11:07,61,2025-04-07 12:11:07,61,
512,644,61,2875.00,INR,UPI,PAYTM,TXN00000512,SUCCESS,2024-11-13 16:22:17,,2024-11-13 16:22:17,61,2024-11-13 16:22:17,61,
513,645,61,293.85,INR,UPI,PAYTM,TXN00000513,SUCCESS,2024-10-07 21:22:59,,2024-10-07 21:22:59,61,2024-10-07 21:22:59,61,
514,646,61,1493.85,INR,DEBIT_CARD,RAZORPAY,TXN00000514,SUCCESS,2025-02-14 21:30:19,,2025-02-14 21:30:19,61,2025-02-14 21:30:19,61,
515,648,61,243.85,INR,DEBIT_CARD,PAYTM,TXN00000515,SUCCESS,2024-01-24 14:05:20,,2024-01-24 14:05:20,61,2024-01-24 14:05:20,61,
516,649,61,753.85,INR,DEBIT_CARD,RAZORPAY,TXN00000516,SUCCESS,2024-10-30 19:11:57,,2024-10-30 19:11:57,61,2024-10-30 19:11:57,61,
517,650,61,1673.85,INR,UPI,RAZORPAY,TXN00000517,SUCCESS,2025-10-23 01:01:53,,2025-10-23 01:01:53,61,2025-10-23 01:01:53,61,
518,651,61,1443.85,INR,UPI,PAYTM,TXN00000518,SUCCESS,2024-03-18 12:17:35,,2024-03-18 12:17:35,61,2024-03-18 12:17:35,61,
519,652,61,243.85,INR,WALLET,PAYTM,TXN00000519,SUCCESS,2024-01-22 20:10:43,,2024-01-22 20:10:43,61,2024-01-22 20:10:43,61,
520,653,61,2248.85,INR,WALLET,RAZORPAY,TXN00000520,SUCCESS,2024-05-31 22:56:57,,2024-05-31 22:56:57,61,2024-05-31 22:56:57,61,
521,654,61,2775.00,INR,CREDIT_CARD,RAZORPAY,TXN00000521,SUCCESS,2025-08-13 04:36:45,,2025-08-13 04:36:45,61,2025-08-13 04:36:45,61,
522,655,62,753.85,INR,UPI,STRIPE,TXN00000522,SUCCESS,2024-02-25 13:55:44,,2024-02-25 13:55:44,62,2024-02-25 13:55:44,62,
523,656,62,818.85,INR,CREDIT_CARD,STRIPE,TXN00000523,SUCCESS,2024-10-03 09:30:46,,2024-10-03 09:30:46,62,2024-10-03 09:30:46,62,
524,657,62,1148.85,INR,CREDIT_CARD,STRIPE,TXN00000524,SUCCESS,2024-09-26 17:02:07,,2024-09-26 17:02:07,62,2024-09-26 17:02:07,62,
525,658,62,818.85,INR,CREDIT_CARD,PAYTM,TXN00000525,SUCCESS,2024-12-18 05:02:05,,2024-12-18 05:02:05,62,2024-12-18 05:02:05,62,
526,660,62,523.85,INR,WALLET,STRIPE,TXN00000526,SUCCESS,2025-01-06 20:10:02,,2025-01-06 20:10:02,62,2025-01-06 20:10:02,62,
527,661,62,523.85,INR,UPI,RAZORPAY,TXN00000527,SUCCESS,2024-02-08 06:05:51,,2024-02-08 06:05:51,62,2024-02-08 06:05:51,62,
528,664,62,2875.00,INR,WALLET,PAYTM,TXN00000528,SUCCESS,2025-10-19 13:34:44,,2025-10-19 13:34:44,62,2025-10-19 13:34:44,62,
529,665,62,2825.00,INR,CREDIT_CARD,STRIPE,TXN00000529,SUCCESS,2024-01-10 13:28:47,,2024-01-10 13:28:47,62,2024-01-10 13:28:47,62,
530,666,62,1443.85,INR,DEBIT_CARD,PAYTM,TXN00000530,SUCCESS,2024-05-21 00:46:14,,2024-05-21 00:46:14,62,2024-05-21 00:46:14,62,
531,668,62,1148.85,INR,CREDIT_CARD,PAYTM,TXN00000531,SUCCESS,2025-01-04 03:44:36,,2025-01-04 03:44:36,62,2025-01-04 03:44:36,62,
532,669,62,343.85,INR,UPI,RAZORPAY,TXN00000532,SUCCESS,2025-03-26 17:18:53,,2025-03-26 17:18:53,62,2025-03-26 17:18:53,62,
533,670,62,293.85,INR,WALLET,STRIPE,TXN00000533,SUCCESS,2025-01-30 15:00:12,,2025-01-30 15:00:12,62,2025-01-30 15:00:12,62,
534,672,62,293.85,INR,CREDIT_CARD,PAYTM,TXN00000534,SUCCESS,2024-05-26 01:57:20,,2024-05-26 01:57:20,62,2024-05-26 01:57:20,62,
535,673,63,458.85,INR,CREDIT_CARD,PAYTM,TXN00000535,SUCCESS,2025-06-05 05:41:15,,2025-06-05 05:41:15,63,2025-06-05 05:41:15,63,
536,674,63,3400.00,INR,WALLET,RAZORPAY,TXN00000536,SUCCESS,2024-08-12 22:44:35,,2024-08-12 22:44:35,63,2024-08-12 22:44:35,63,
537,676,63,3400.00,INR,DEBIT_CARD,STRIPE,TXN00000537,SUCCESS,2024-07-20 06:26:11,,2024-07-20 06:26:11,63,2024-07-20 06:26:11,63,
538,679,63,918.85,INR,WALLET,STRIPE,TXN00000538,SUCCESS,2024-03-09 05:21:04,,2024-03-09 05:21:04,63,2024-03-09 05:21:04,63,
539,681,63,2875.00,INR,DEBIT_CARD,STRIPE,TXN00000539,SUCCESS,2024-09-04 11:57:35,,2024-09-04 11:57:35,63,2024-09-04 11:57:35,63,
540,682,63,2825.00,INR,UPI,STRIPE,TXN00000540,SUCCESS,2025-11-05 23:09:13,,2025-11-05 23:09:13,63,2025-11-05 23:09:13,63,
541,683,63,293.85,INR,UPI,RAZORPAY,TXN00000541,SUCCESS,2024-07-31 21:03:20,,2024-07-31 21:03:20,63,2024-07-31 21:03:20,63,
542,684,63,3350.00,INR,DEBIT_CARD,PAYTM,TXN00000542,SUCCESS,2024-07-22 08:28:25,,2024-07-22 08:28:25,63,2024-07-22 08:28:25,63,
543,685,63,1443.85,INR,DEBIT_CARD,RAZORPAY,TXN00000543,SUCCESS,2024-07-24 09:04:45,,2024-07-24 09:04:45,63,2024-07-24 09:04:45,63,
544,686,63,1148.85,INR,DEBIT_CARD,RAZORPAY,TXN00000544,SUCCESS,2024-07-26 10:54:19,,2024-07-26 10:54:19,63,2024-07-26 10:54:19,63,
545,687,63,1048.85,INR,DEBIT_CARD,RAZORPAY,TXN00000545,SUCCESS,2024-01-19 10:53:07,,2024-01-19 10:53:07,63,2024-01-19 10:53:07,63,
546,688,63,1493.85,INR,DEBIT_CARD,PAYTM,TXN00000546,SUCCESS,2024-07-21 07:09:36,,2024-07-21 07:09:36,63,2024-07-21 07:09:36,63,
547,689,63,343.85,INR,WALLET,STRIPE,TXN00000547,SUCCESS,2025-01-10 11:02:18,,2025-01-10 11:02:18,63,2025-01-10 11:02:18,63,
548,691,64,1673.85,INR,WALLET,STRIPE,TXN00000548,SUCCESS,2024-08-04 23:18:09,,2024-08-04 23:18:09,64,2024-08-04 23:18:09,64,
549,692,64,868.85,INR,CREDIT_CARD,PAYTM,TXN00000549,SUCCESS,2025-09-22 06:14:54,,2025-09-22 06:14:54,64,2025-09-22 06:14:54,64,
550,693,64,918.85,INR,UPI,RAZORPAY,TXN00000550,SUCCESS,2024-01-18 14:27:41,,2024-01-18 14:27:41,64,2024-01-18 14:27:41,64,
551,694,64,1048.85,INR,CREDIT_CARD,PAYTM,TXN00000551,SUCCESS,2025-10-18 11:19:02,,2025-10-18 11:19:02,64,2025-10-18 11:19:02,64,
552,695,64,458.85,INR,DEBIT_CARD,STRIPE,TXN00000552,SUCCESS,2025-03-25 11:47:56,,2025-03-25 11:47:56,64,2025-03-25 11:47:56,64,
553,696,64,803.85,INR,UPI,STRIPE,TXN00000553,SUCCESS,2024-06-17 04:20:25,,2024-06-17 04:20:25,64,2024-06-17 04:20:25,64,
554,697,64,408.85,INR,WALLET,RAZORPAY,TXN00000554,SUCCESS,2024-01-25 08:02:01,,2024-01-25 08:02:01,64,2024-01-25 08:02:01,64,
555,698,64,688.85,INR,DEBIT_CARD,PAYTM,TXN00000555,SUCCESS,2025-01-04 00:30:42,,2025-01-04 00:30:42,64,2025-01-04 00:30:42,64,
556,700,64,523.85,INR,CREDIT_CARD,PAYTM,TXN00000556,SUCCESS,2024-09-30 09:40:33,,2024-09-30 09:40:33,64,2024-09-30 09:40:33,64,
557,701,64,1393.85,INR,UPI,PAYTM,TXN00000557,SUCCESS,2024-09-18 17:57:18,,2024-09-18 17:57:18,64,2024-09-18 17:57:18,64,
558,703,64,3400.00,INR,WALLET,STRIPE,TXN00000558,SUCCESS,2025-02-10 02:43:57,,2025-02-10 02:43:57,64,2025-02-10 02:43:57,64,
559,704,64,2248.85,INR,WALLET,RAZORPAY,TXN00000559,SUCCESS,2024-11-17 23:30:13,,2024-11-17 23:30:13,64,2024-11-17 23:30:13,64,
560,706,64,343.85,INR,UPI,STRIPE,TXN00000560,SUCCESS,2025-01-11 04:10:48,,2025-01-11 04:10:48,64,2025-01-11 04:10:48,64,
561,707,64,818.85,INR,UPI,RAZORPAY,TXN00000561,SUCCESS,2024-01-13 12:45:38,,2024-01-13 12:45:38,64,2024-01-13 12:45:38,64,
562,708,64,1393.85,INR,WALLET,PAYTM,TXN00000562,SUCCESS,2024-06-21 20:24:16,,2024-06-21 20:24:16,64,2024-06-21 20:24:16,64,
563,709,64,1443.85,INR,DEBIT_CARD,RAZORPAY,TXN00000563,SUCCESS,2024-01-27 05:43:00,,2024-01-27 05:43:00,64,2024-01-27 05:43:00,64,
564,710,65,2825.00,INR,WALLET,PAYTM,TXN00000564,SUCCESS,2024-08-12 13:44:12,,2024-08-12 13:44:12,65,2024-08-12 13:44:12,65,
565,711,65,293.85,INR,DEBIT_CARD,RAZORPAY,TXN00000565,SUCCESS,2024-03-09 13:36:12,,2024-03-09 13:36:12,65,2024-03-09 13:36:12,65,
566,714,65,473.85,INR,WALLET,STRIPE,TXN00000566,SUCCESS,2024-06-15 00:35:44,,2024-06-15 00:35:44,65,2024-06-15 00:35:44,65,
567,715,65,1443.85,INR,WALLET,PAYTM,TXN00000567,SUCCESS,2025-04-26 17:42:18,,2025-04-26 17:42:18,65,2025-04-26 17:42:18,65,
568,716,65,1443.85,INR,DEBIT_CARD,RAZORPAY,TXN00000568,SUCCESS,2024-05-28 08:36:40,,2024-05-28 08:36:40,65,2024-05-28 08:36:40,65,
569,717,65,1673.85,INR,UPI,STRIPE,TXN00000569,SUCCESS,2024-05-28 22:55:48,,2024-05-28 22:55:48,65,2024-05-28 22:55:48,65,
570,718,65,573.85,INR,WALLET,PAYTM,TXN00000570,SUCCESS,2024-03-19 18:10:43,,2024-03-19 18:10:43,65,2024-03-19 18:10:43,65,
571,719,65,638.85,INR,WALLET,RAZORPAY,TXN00000571,SUCCESS,2025-05-16 04:03:18,,2025-05-16 04:03:18,65,2025-05-16 04:03:18,65,
572,720,65,1048.85,INR,WALLET,PAYTM,TXN00000572,SUCCESS,2025-02-22 10:09:27,,2025-02-22 10:09:27,65,2025-02-22 10:09:27,65,
573,721,65,1148.85,INR,CREDIT_CARD,PAYTM,TXN00000573,SUCCESS,2024-05-22 12:05:18,,2024-05-22 12:05:18,65,2024-05-22 12:05:18,65,
574,723,65,473.85,INR,CREDIT_CARD,PAYTM,TXN00000574,SUCCESS,2025-01-27 10:03:15,,2025-01-27 10:03:15,65,2025-01-27 10:03:15,65,
575,725,65,803.85,INR,UPI,PAYTM,TXN00000575,SUCCESS,2025-09-06 09:20:26,,2025-09-06 09:20:26,65,2025-09-06 09:20:26,65,
576,726,66,2248.85,INR,UPI,RAZORPAY,TXN00000576,SUCCESS,2024-03-18 03:13:00,,2024-03-18 03:13:00,66,2024-03-18 03:13:00,66,
577,727,66,3400.00,INR,DEBIT_CARD,RAZORPAY,TXN00000577,SUCCESS,2025-09-07 19:55:47,,2025-09-07 19:55:47,66,2025-09-07 19:55:47,66,
578,728,66,1493.85,INR,DEBIT_CARD,PAYTM,TXN00000578,SUCCESS,2025-03-22 11:32:44,,2025-03-22 11:32:44,66,2025-03-22 11:32:44,66,
579,729,66,1148.85,INR,WALLET,RAZORPAY,TXN00000579,SUCCESS,2024-07-23 16:00:18,,2024-07-23 16:00:18,66,2024-07-23 16:00:18,66,
580,730,66,2198.85,INR,UPI,STRIPE,TXN00000580,SUCCESS,2024-04-07 19:06:31,,2024-04-07 19:06:31,66,2024-04-07 19:06:31,66,
581,731,66,803.85,INR,CREDIT_CARD,PAYTM,TXN00000581,SUCCESS,2024-07-26 17:51:31,,2024-07-26 17:51:31,66,2024-07-26 17:51:31,66,
582,732,66,243.85,INR,UPI,RAZORPAY,TXN00000582,SUCCESS,2025-10-14 05:21:11,,2025-10-14 05:21:11,66,2025-10-14 05:21:11,66,
583,735,66,1148.85,INR,UPI,RAZORPAY,TXN00000583,SUCCESS,2024-08-04 05:35:24,,2024-08-04 05:35:24,66,2024-08-04 05:35:24,66,
584,736,66,243.85,INR,UPI,PAYTM,TXN00000584,SUCCESS,2024-05-13 21:44:09,,2024-05-13 21:44:09,66,2024-05-13 21:44:09,66,
585,737,66,2248.85,INR,CREDIT_CARD,RAZORPAY,TXN00000585,SUCCESS,2024-07-25 20:59:51,,2024-07-25 20:59:51,66,2024-07-25 20:59:51,66,
586,738,66,1673.85,INR,CREDIT_CARD,PAYTM,TXN00000586,SUCCESS,2024-12-13 19:56:44,,2024-12-13 19:56:44,66,2024-12-13 19:56:44,66,
587,739,66,293.85,INR,CREDIT_CARD,RAZORPAY,TXN00000587,SUCCESS,2024-12-28 03:56:33,,2024-12-28 03:56:33,66,2024-12-28 03:56:33,66,
588,740,66,818.85,INR,CREDIT_CARD,PAYTM,TXN00000588,SUCCESS,2024-11-20 01:19:57,,2024-11-20 01:19:57,66,2024-11-20 01:19:57,66,
589,741,66,1148.85,INR,CREDIT_CARD,RAZORPAY,TXN00000589,SUCCESS,2025-05-19 02:12:26,,2025-05-19 02:12:26,66,2025-05-19 02:12:26,66,
590,742,66,3400.00,INR,CREDIT_CARD,PAYTM,TXN00000590,SUCCESS,2025-01-20 22:25:52,,2025-01-20 22:25:52,66,2025-01-20 22:25:52,66,
591,743,67,703.85,INR,CREDIT_CARD,STRIPE,TXN00000591,SUCCESS,2024-07-14 16:24:31,,2024-07-14 16:24:31,67,2024-07-14 16:24:31,67,
592,744,67,2825.00,INR,WALLET,STRIPE,TXN00000592,SUCCESS,2024-06-11 13:09:06,,2024-06-11 13:09:06,67,2024-06-11 13:09:06,67,
593,749,67,243.85,INR,CREDIT_CARD,PAYTM,TXN00000593,SUCCESS,2024-04-29 20:46:32,,2024-04-29 20:46:32,67,2024-04-29 20:46:32,67,
594,750,67,803.85,INR,UPI,RAZORPAY,TXN00000594,SUCCESS,2024-12-22 22:32:44,,2024-12-22 22:32:44,67,2024-12-22 22:32:44,67,
595,752,67,573.85,INR,CREDIT_CARD,STRIPE,TXN00000595,SUCCESS,2025-06-16 12:20:34,,2025-06-16 12:20:34,67,2025-06-16 12:20:34,67,
596,753,67,803.85,INR,CREDIT_CARD,RAZORPAY,TXN00000596,SUCCESS,2024-10-25 11:23:48,,2024-10-25 11:23:48,67,2024-10-25 11:23:48,67,
597,754,67,2875.00,INR,CREDIT_CARD,PAYTM,TXN00000597,SUCCESS,2025-01-17 13:25:10,,2025-01-17 13:25:10,67,2025-01-17 13:25:10,67,
598,756,67,868.85,INR,WALLET,RAZORPAY,TXN00000598,SUCCESS,2025-01-04 19:27:55,,2025-01-04 19:27:55,67,2025-01-04 19:27:55,67,
599,758,67,343.85,INR,CREDIT_CARD,STRIPE,TXN00000599,SUCCESS,2025-05-28 08:34:47,,2025-05-28 08:34:47,67,2025-05-28 08:34:47,67,
600,760,68,523.85,INR,WALLET,PAYTM,TXN00000600,SUCCESS,2024-11-06 16:44:05,,2024-11-06 16:44:05,68,2024-11-06 16:44:05,68,
601,761,68,803.85,INR,WALLET,STRIPE,TXN00000601,SUCCESS,2024-03-09 05:30:10,,2024-03-09 05:30:10,68,2024-03-09 05:30:10,68,
602,762,68,2198.85,INR,CREDIT_CARD,PAYTM,TXN00000602,SUCCESS,2025-06-01 19:50:39,,2025-06-01 19:50:39,68,2025-06-01 19:50:39,68,
603,763,68,343.85,INR,UPI,STRIPE,TXN00000603,SUCCESS,2024-07-14 23:46:49,,2024-07-14 23:46:49,68,2024-07-14 23:46:49,68,
604,764,68,2198.85,INR,CREDIT_CARD,RAZORPAY,TXN00000604,SUCCESS,2024-08-01 02:37:24,,2024-08-01 02:37:24,68,2024-08-01 02:37:24,68,
605,765,68,2775.00,INR,DEBIT_CARD,RAZORPAY,TXN00000605,SUCCESS,2025-02-03 14:14:38,,2025-02-03 14:14:38,68,2025-02-03 14:14:38,68,
606,768,68,2875.00,INR,CREDIT_CARD,RAZORPAY,TXN00000606,SUCCESS,2024-04-16 03:05:18,,2024-04-16 03:05:18,68,2024-04-16 03:05:18,68,
607,770,68,1673.85,INR,DEBIT_CARD,PAYTM,TXN00000607,SUCCESS,2024-06-28 23:54:06,,2024-06-28 23:54:06,68,2024-06-28 23:54:06,68,
608,772,68,1443.85,INR,UPI,PAYTM,TXN00000608,SUCCESS,2024-09-30 08:49:34,,2024-09-30 08:49:34,68,2024-09-30 08:49:34,68,
609,773,68,1673.85,INR,DEBIT_CARD,PAYTM,TXN00000609,SUCCESS,2024-01-04 23:12:05,,2024-01-04 23:12:05,68,2024-01-04 23:12:05,68,
610,774,69,1048.85,INR,UPI,RAZORPAY,TXN00000610,SUCCESS,2025-03-24 01:26:31,,2025-03-24 01:26:31,69,2025-03-24 01:26:31,69,
611,775,69,1673.85,INR,WALLET,RAZORPAY,TXN00000611,SUCCESS,2024-07-20 12:05:04,,2024-07-20 12:05:04,69,2024-07-20 12:05:04,69,
612,776,69,1493.85,INR,DEBIT_CARD,PAYTM,TXN00000612,SUCCESS,2024-03-01 05:35:54,,2024-03-01 05:35:54,69,2024-03-01 05:35:54,69,
613,777,69,3450.00,INR,DEBIT_CARD,STRIPE,TXN00000613,SUCCESS,2024-12-28 13:37:56,,2024-12-28 13:37:56,69,2024-12-28 13:37:56,69,
614,778,69,753.85,INR,DEBIT_CARD,PAYTM,TXN00000614,SUCCESS,2024-07-06 04:14:48,,2024-07-06 04:14:48,69,2024-07-06 04:14:48,69,
615,780,69,573.85,INR,CREDIT_CARD,STRIPE,TXN00000615,SUCCESS,2024-07-01 01:38:00,,2024-07-01 01:38:00,69,2024-07-01 01:38:00,69,
616,781,69,2298.85,INR,UPI,RAZORPAY,TXN00000616,SUCCESS,2025-07-07 02:57:07,,2025-07-07 02:57:07,69,2025-07-07 02:57:07,69,
617,783,69,688.85,INR,CREDIT_CARD,PAYTM,TXN00000617,SUCCESS,2024-10-18 13:19:10,,2024-10-18 13:19:10,69,2024-10-18 13:19:10,69,
618,784,69,2298.85,INR,UPI,PAYTM,TXN00000618,SUCCESS,2024-07-11 10:30:07,,2024-07-11 10:30:07,69,2024-07-11 10:30:07,69,
619,786,69,2248.85,INR,CREDIT_CARD,RAZORPAY,TXN00000619,SUCCESS,2025-05-09 03:23:12,,2025-05-09 03:23:12,69,2025-05-09 03:23:12,69,
620,787,69,408.85,INR,WALLET,PAYTM,TXN00000620,SUCCESS,2024-10-16 01:37:33,,2024-10-16 01:37:33,69,2024-10-16 01:37:33,69,
621,788,69,1393.85,INR,DEBIT_CARD,STRIPE,TXN00000621,SUCCESS,2025-09-24 10:58:05,,2025-09-24 10:58:05,69,2025-09-24 10:58:05,69,
622,790,70,473.85,INR,CREDIT_CARD,PAYTM,TXN00000622,SUCCESS,2024-09-05 06:04:56,,2024-09-05 06:04:56,70,2024-09-05 06:04:56,70,
623,792,70,2298.85,INR,WALLET,RAZORPAY,TXN00000623,SUCCESS,2025-07-14 06:20:40,,2025-07-14 06:20:40,70,2025-07-14 06:20:40,70,
624,793,70,3350.00,INR,WALLET,RAZORPAY,TXN00000624,SUCCESS,2024-03-27 18:25:40,,2024-03-27 18:25:40,70,2024-03-27 18:25:40,70,
625,794,70,343.85,INR,CREDIT_CARD,PAYTM,TXN00000625,SUCCESS,2024-01-24 21:07:10,,2024-01-24 21:07:10,70,2024-01-24 21:07:10,70,
626,795,70,523.85,INR,DEBIT_CARD,STRIPE,TXN00000626,SUCCESS,2025-05-18 17:47:45,,2025-05-18 17:47:45,70,2025-05-18 17:47:45,70,
627,797,70,458.85,INR,WALLET,STRIPE,TXN00000627,SUCCESS,2025-04-15 00:18:51,,2025-04-15 00:18:51,70,2025-04-15 00:18:51,70,
628,798,70,358.85,INR,WALLET,RAZORPAY,TXN00000628,SUCCESS,2025-01-30 05:48:20,,2025-01-30 05:48:20,70,2025-01-30 05:48:20,70,
629,799,70,473.85,INR,WALLET,STRIPE,TXN00000629,SUCCESS,2025-04-05 14:04:49,,2025-04-05 14:04:49,70,2025-04-05 14:04:49,70,
630,800,70,2248.85,INR,WALLET,RAZORPAY,TXN00000630,SUCCESS,2024-10-14 09:44:30,,2024-10-14 09:44:30,70,2024-10-14 09:44:30,70,
631,801,70,3350.00,INR,DEBIT_CARD,STRIPE,TXN00000631,SUCCESS,2024-11-19 03:17:18,,2024-11-19 03:17:18,70,2024-11-19 03:17:18,70,
632,802,70,3350.00,INR,WALLET,STRIPE,TXN00000632,SUCCESS,2024-10-13 00:09:12,,2024-10-13 00:09:12,70,2024-10-13 00:09:12,70,
633,803,70,803.85,INR,DEBIT_CARD,STRIPE,TXN00000633,SUCCESS,2024-04-16 10:37:36,,2024-04-16 10:37:36,70,2024-04-16 10:37:36,70,
634,804,70,2248.85,INR,WALLET,STRIPE,TXN00000634,SUCCESS,2025-07-10 09:15:03,,2025-07-10 09:15:03,70,2025-07-10 09:15:03,70,
635,806,70,3400.00,INR,WALLET,PAYTM,TXN00000635,SUCCESS,2025-01-02 10:03:30,,2025-01-02 10:03:30,70,2025-01-02 10:03:30,70,
636,807,71,2825.00,INR,UPI,RAZORPAY,TXN00000636,SUCCESS,2025-04-27 12:15:33,,2025-04-27 12:15:33,71,2025-04-27 12:15:33,71,
637,808,71,1048.85,INR,UPI,PAYTM,TXN00000637,SUCCESS,2025-04-09 05:14:12,,2025-04-09 05:14:12,71,2025-04-09 05:14:12,71,
638,809,71,918.85,INR,WALLET,STRIPE,TXN00000638,SUCCESS,2025-05-22 23:51:00,,2025-05-22 23:51:00,71,2025-05-22 23:51:00,71,
639,810,71,918.85,INR,WALLET,STRIPE,TXN00000639,SUCCESS,2024-11-16 19:38:19,,2024-11-16 19:38:19,71,2024-11-16 19:38:19,71,
640,812,71,2298.85,INR,DEBIT_CARD,RAZORPAY,TXN00000640,SUCCESS,2024-09-15 15:17:39,,2024-09-15 15:17:39,71,2024-09-15 15:17:39,71,
641,813,71,918.85,INR,CREDIT_CARD,RAZORPAY,TXN00000641,SUCCESS,2025-08-29 05:16:46,,2025-08-29 05:16:46,71,2025-08-29 05:16:46,71,
642,815,71,703.85,INR,WALLET,STRIPE,TXN00000642,SUCCESS,2024-12-19 20:50:22,,2024-12-19 20:50:22,71,2024-12-19 20:50:22,71,
643,816,71,638.85,INR,DEBIT_CARD,PAYTM,TXN00000643,SUCCESS,2024-04-05 00:10:38,,2024-04-05 00:10:38,71,2024-04-05 00:10:38,71,
644,817,71,1723.85,INR,CREDIT_CARD,PAYTM,TXN00000644,SUCCESS,2025-11-04 12:07:40,,2025-11-04 12:07:40,71,2025-11-04 12:07:40,71,
645,818,71,688.85,INR,WALLET,PAYTM,TXN00000645,SUCCESS,2025-06-24 06:14:41,,2025-06-24 06:14:41,71,2025-06-24 06:14:41,71,
646,819,71,2248.85,INR,WALLET,RAZORPAY,TXN00000646,SUCCESS,2024-06-04 02:19:56,,2024-06-04 02:19:56,71,2024-06-04 02:19:56,71,
647,820,71,688.85,INR,CREDIT_CARD,PAYTM,TXN00000647,SUCCESS,2024-05-20 13:36:12,,2024-05-20 13:36:12,71,2024-05-20 13:36:12,71,
648,821,71,473.85,INR,DEBIT_CARD,STRIPE,TXN00000648,SUCCESS,2025-04-15 18:43:39,,2025-04-15 18:43:39,71,2025-04-15 18:43:39,71,
649,823,71,2775.00,INR,DEBIT_CARD,RAZORPAY,TXN00000649,SUCCESS,2024-06-08 07:10:39,,2024-06-08 07:10:39,71,2024-06-08 07:10:39,71,
650,824,71,703.85,INR,WALLET,PAYTM,TXN00000650,SUCCESS,2025-07-12 12:43:28,,2025-07-12 12:43:28,71,2025-07-12 12:43:28,71,
651,825,71,803.85,INR,CREDIT_CARD,RAZORPAY,TXN00000651,SUCCESS,2025-11-13 21:43:45,,2025-11-13 21:43:45,71,2025-11-13 21:43:45,71,
652,826,71,1673.85,INR,WALLET,STRIPE,TXN00000652,SUCCESS,2025-10-01 10:15:21,,2025-10-01 10:15:21,71,2025-10-01 10:15:21,71,
653,827,71,2825.00,INR,UPI,STRIPE,TXN00000653,SUCCESS,2025-01-10 05:14:40,,2025-01-10 05:14:40,71,2025-01-10 05:14:40,71,
654,828,71,343.85,INR,CREDIT_CARD,STRIPE,TXN00000654,SUCCESS,2024-05-18 05:15:26,,2024-05-18 05:15:26,71,2024-05-18 05:15:26,71,
655,829,71,1443.85,INR,CREDIT_CARD,PAYTM,TXN00000655,SUCCESS,2025-05-17 19:57:14,,2025-05-17 19:57:14,71,2025-05-17 19:57:14,71,
656,830,71,918.85,INR,WALLET,RAZORPAY,TXN00000656,SUCCESS,2024-05-14 02:52:59,,2024-05-14 02:52:59,71,2024-05-14 02:52:59,71,
657,832,72,2875.00,INR,CREDIT_CARD,PAYTM,TXN00000657,SUCCESS,2025-03-05 01:56:02,,2025-03-05 01:56:02,72,2025-03-05 01:56:02,72,
658,833,72,918.85,INR,UPI,STRIPE,TXN00000658,SUCCESS,2025-08-16 07:49:35,,2025-08-16 07:49:35,72,2025-08-16 07:49:35,72,
659,834,72,753.85,INR,UPI,STRIPE,TXN00000659,SUCCESS,2024-03-25 14:19:49,,2024-03-25 14:19:49,72,2024-03-25 14:19:49,72,
660,836,72,1098.85,INR,WALLET,RAZORPAY,TXN00000660,SUCCESS,2025-03-02 20:06:46,,2025-03-02 20:06:46,72,2025-03-02 20:06:46,72,
661,837,72,803.85,INR,CREDIT_CARD,STRIPE,TXN00000661,SUCCESS,2025-09-15 15:51:35,,2025-09-15 15:51:35,72,2025-09-15 15:51:35,72,
662,838,72,2775.00,INR,DEBIT_CARD,RAZORPAY,TXN00000662,SUCCESS,2024-06-13 04:05:38,,2024-06-13 04:05:38,72,2024-06-13 04:05:38,72,
663,839,72,1148.85,INR,UPI,STRIPE,TXN00000663,SUCCESS,2024-11-18 08:39:32,,2024-11-18 08:39:32,72,2024-11-18 08:39:32,72,
664,840,72,688.85,INR,WALLET,STRIPE,TXN00000664,SUCCESS,2025-09-15 00:16:08,,2025-09-15 00:16:08,72,2025-09-15 00:16:08,72,
665,841,72,1673.85,INR,DEBIT_CARD,STRIPE,TXN00000665,SUCCESS,2025-01-16 02:05:13,,2025-01-16 02:05:13,72,2025-01-16 02:05:13,72,
666,843,72,803.85,INR,DEBIT_CARD,STRIPE,TXN00000666,SUCCESS,2024-06-24 01:03:54,,2024-06-24 01:03:54,72,2024-06-24 01:03:54,72,
667,847,73,588.85,INR,UPI,PAYTM,TXN00000667,SUCCESS,2024-12-01 07:26:56,,2024-12-01 07:26:56,73,2024-12-01 07:26:56,73,
668,849,73,3400.00,INR,DEBIT_CARD,PAYTM,TXN00000668,SUCCESS,2024-11-21 19:08:27,,2024-11-21 19:08:27,73,2024-11-21 19:08:27,73,
669,850,73,2298.85,INR,DEBIT_CARD,STRIPE,TXN00000669,SUCCESS,2024-04-19 16:41:37,,2024-04-19 16:41:37,73,2024-04-19 16:41:37,73,
670,851,73,458.85,INR,DEBIT_CARD,STRIPE,TXN00000670,SUCCESS,2024-07-03 12:51:18,,2024-07-03 12:51:18,73,2024-07-03 12:51:18,73,
671,853,73,343.85,INR,CREDIT_CARD,STRIPE,TXN00000671,SUCCESS,2024-11-17 02:09:18,,2024-11-17 02:09:18,73,2024-11-17 02:09:18,73,
672,854,73,688.85,INR,UPI,RAZORPAY,TXN00000672,SUCCESS,2025-11-13 11:13:59,,2025-11-13 11:13:59,73,2025-11-13 11:13:59,73,
673,856,73,753.85,INR,DEBIT_CARD,STRIPE,TXN00000673,SUCCESS,2025-02-14 00:11:26,,2025-02-14 00:11:26,73,2025-02-14 00:11:26,73,
674,857,73,753.85,INR,WALLET,RAZORPAY,TXN00000674,SUCCESS,2025-07-28 19:49:06,,2025-07-28 19:49:06,73,2025-07-28 19:49:06,73,
675,858,73,573.85,INR,WALLET,RAZORPAY,TXN00000675,SUCCESS,2024-06-28 09:35:56,,2024-06-28 09:35:56,73,2024-06-28 09:35:56,73,
676,859,73,573.85,INR,CREDIT_CARD,PAYTM,TXN00000676,SUCCESS,2025-08-02 21:45:59,,2025-08-02 21:45:59,73,2025-08-02 21:45:59,73,
677,860,73,2825.00,INR,DEBIT_CARD,PAYTM,TXN00000677,SUCCESS,2024-11-03 01:18:14,,2024-11-03 01:18:14,73,2024-11-03 01:18:14,73,
678,861,74,1048.85,INR,UPI,PAYTM,TXN00000678,SUCCESS,2024-12-26 19:55:14,,2024-12-26 19:55:14,74,2024-12-26 19:55:14,74,
679,862,74,458.85,INR,CREDIT_CARD,STRIPE,TXN00000679,SUCCESS,2025-09-16 18:20:04,,2025-09-16 18:20:04,74,2025-09-16 18:20:04,74,
680,863,74,1098.85,INR,WALLET,PAYTM,TXN00000680,SUCCESS,2025-06-06 17:12:48,,2025-06-06 17:12:48,74,2025-06-06 17:12:48,74,
681,864,74,2775.00,INR,UPI,STRIPE,TXN00000681,SUCCESS,2025-01-17 18:44:04,,2025-01-17 18:44:04,74,2025-01-17 18:44:04,74,
682,865,74,358.85,INR,UPI,PAYTM,TXN00000682,SUCCESS,2024-07-16 02:54:26,,2024-07-16 02:54:26,74,2024-07-16 02:54:26,74,
683,866,74,1098.85,INR,WALLET,RAZORPAY,TXN00000683,SUCCESS,2024-01-26 21:02:52,,2024-01-26 21:02:52,74,2024-01-26 21:02:52,74,
684,868,74,3450.00,INR,CREDIT_CARD,PAYTM,TXN00000684,SUCCESS,2024-12-30 14:59:11,,2024-12-30 14:59:11,74,2024-12-30 14:59:11,74,
685,869,74,473.85,INR,UPI,RAZORPAY,TXN00000685,SUCCESS,2025-06-02 07:16:05,,2025-06-02 07:16:05,74,2025-06-02 07:16:05,74,
686,870,74,2775.00,INR,DEBIT_CARD,PAYTM,TXN00000686,SUCCESS,2024-04-07 11:05:48,,2024-04-07 11:05:48,74,2024-04-07 11:05:48,74,
687,872,74,1148.85,INR,CREDIT_CARD,RAZORPAY,TXN00000687,SUCCESS,2024-10-14 16:03:02,,2024-10-14 16:03:02,74,2024-10-14 16:03:02,74,
688,873,74,688.85,INR,DEBIT_CARD,RAZORPAY,TXN00000688,SUCCESS,2024-04-09 03:48:31,,2024-04-09 03:48:31,74,2024-04-09 03:48:31,74,
689,874,74,818.85,INR,UPI,PAYTM,TXN00000689,SUCCESS,2024-04-11 03:46:57,,2024-04-11 03:46:57,74,2024-04-11 03:46:57,74,
690,875,74,3350.00,INR,WALLET,RAZORPAY,TXN00000690,SUCCESS,2024-11-20 11:18:58,,2024-11-20 11:18:58,74,2024-11-20 11:18:58,74,
691,876,74,2775.00,INR,CREDIT_CARD,PAYTM,TXN00000691,SUCCESS,2024-11-23 16:10:19,,2024-11-23 16:10:19,74,2024-11-23 16:10:19,74,
692,877,74,243.85,INR,DEBIT_CARD,PAYTM,TXN00000692,SUCCESS,2024-11-24 15:15:56,,2024-11-24 15:15:56,74,2024-11-24 15:15:56,74,
693,878,74,1493.85,INR,WALLET,RAZORPAY,TXN00000693,SUCCESS,2024-12-18 03:04:24,,2024-12-18 03:04:24,74,2024-12-18 03:04:24,74,
694,882,74,293.85,INR,CREDIT_CARD,PAYTM,TXN00000694,SUCCESS,2025-06-19 11:07:31,,2025-06-19 11:07:31,74,2025-06-19 11:07:31,74,
695,883,74,2775.00,INR,DEBIT_CARD,STRIPE,TXN00000695,SUCCESS,2024-11-22 15:44:31,,2024-11-22 15:44:31,74,2024-11-22 15:44:31,74,
696,884,74,688.85,INR,WALLET,STRIPE,TXN00000696,SUCCESS,2024-10-27 12:21:51,,2024-10-27 12:21:51,74,2024-10-27 12:21:51,74,
697,885,75,3350.00,INR,CREDIT_CARD,STRIPE,TXN00000697,SUCCESS,2025-10-04 23:00:01,,2025-10-04 23:00:01,75,2025-10-04 23:00:01,75,
698,886,75,3350.00,INR,UPI,RAZORPAY,TXN00000698,SUCCESS,2024-08-26 00:15:16,,2024-08-26 00:15:16,75,2024-08-26 00:15:16,75,
699,888,75,868.85,INR,CREDIT_CARD,PAYTM,TXN00000699,SUCCESS,2025-06-06 21:48:19,,2025-06-06 21:48:19,75,2025-06-06 21:48:19,75,
700,889,75,1148.85,INR,CREDIT_CARD,PAYTM,TXN00000700,SUCCESS,2024-09-18 07:08:10,,2024-09-18 07:08:10,75,2024-09-18 07:08:10,75,
701,890,75,918.85,INR,WALLET,RAZORPAY,TXN00000701,SUCCESS,2025-06-20 23:00:21,,2025-06-20 23:00:21,75,2025-06-20 23:00:21,75,
702,891,75,293.85,INR,WALLET,PAYTM,TXN00000702,SUCCESS,2024-01-29 02:10:12,,2024-01-29 02:10:12,75,2024-01-29 02:10:12,75,
703,893,75,2198.85,INR,CREDIT_CARD,RAZORPAY,TXN00000703,SUCCESS,2024-12-09 16:12:14,,2024-12-09 16:12:14,75,2024-12-09 16:12:14,75,
704,895,75,458.85,INR,WALLET,PAYTM,TXN00000704,SUCCESS,2024-11-20 11:06:26,,2024-11-20 11:06:26,75,2024-11-20 11:06:26,75,
705,897,75,803.85,INR,DEBIT_CARD,PAYTM,TXN00000705,SUCCESS,2024-05-07 08:28:34,,2024-05-07 08:28:34,75,2024-05-07 08:28:34,75,
706,899,75,803.85,INR,CREDIT_CARD,STRIPE,TXN00000706,SUCCESS,2025-09-23 11:44:44,,2025-09-23 11:44:44,75,2025-09-23 11:44:44,75,
707,900,75,703.85,INR,CREDIT_CARD,PAYTM,TXN00000707,SUCCESS,2025-10-01 05:08:50,,2025-10-01 05:08:50,75,2025-10-01 05:08:50,75,
708,901,75,1673.85,INR,UPI,RAZORPAY,TXN00000708,SUCCESS,2024-08-09 23:34:42,,2024-08-09 23:34:42,75,2024-08-09 23:34:42,75,
709,902,75,2875.00,INR,WALLET,STRIPE,TXN00000709,SUCCESS,2024-05-21 05:19:47,,2024-05-21 05:19:47,75,2024-05-21 05:19:47,75,
710,903,76,818.85,INR,DEBIT_CARD,RAZORPAY,TXN00000710,SUCCESS,2025-01-04 17:36:00,,2025-01-04 17:36:00,76,2025-01-04 17:36:00,76,
711,904,76,688.85,INR,UPI,STRIPE,TXN00000711,SUCCESS,2024-11-25 21:30:25,,2024-11-25 21:30:25,76,2024-11-25 21:30:25,76,
712,905,76,638.85,INR,WALLET,RAZORPAY,TXN00000712,SUCCESS,2024-07-13 09:19:19,,2024-07-13 09:19:19,76,2024-07-13 09:19:19,76,
713,906,76,868.85,INR,UPI,PAYTM,TXN00000713,SUCCESS,2024-05-30 14:53:55,,2024-05-30 14:53:55,76,2024-05-30 14:53:55,76,
714,907,76,408.85,INR,CREDIT_CARD,PAYTM,TXN00000714,SUCCESS,2024-02-15 03:29:20,,2024-02-15 03:29:20,76,2024-02-15 03:29:20,76,
715,909,76,2298.85,INR,WALLET,RAZORPAY,TXN00000715,SUCCESS,2025-02-26 14:03:46,,2025-02-26 14:03:46,76,2025-02-26 14:03:46,76,
716,910,76,918.85,INR,DEBIT_CARD,RAZORPAY,TXN00000716,SUCCESS,2025-09-04 21:13:13,,2025-09-04 21:13:13,76,2025-09-04 21:13:13,76,
717,911,76,1723.85,INR,WALLET,RAZORPAY,TXN00000717,SUCCESS,2024-04-28 10:28:04,,2024-04-28 10:28:04,76,2024-04-28 10:28:04,76,
718,912,76,2825.00,INR,DEBIT_CARD,RAZORPAY,TXN00000718,SUCCESS,2025-07-04 16:38:28,,2025-07-04 16:38:28,76,2025-07-04 16:38:28,76,
719,913,76,753.85,INR,WALLET,PAYTM,TXN00000719,SUCCESS,2025-09-02 00:56:12,,2025-09-02 00:56:12,76,2025-09-02 00:56:12,76,
720,914,76,473.85,INR,UPI,PAYTM,TXN00000720,SUCCESS,2025-03-05 12:34:18,,2025-03-05 12:34:18,76,2025-03-05 12:34:18,76,
721,915,76,2198.85,INR,UPI,RAZORPAY,TXN00000721,SUCCESS,2024-12-23 06:18:49,,2024-12-23 06:18:49,76,2024-12-23 06:18:49,76,
722,916,76,408.85,INR,CREDIT_CARD,PAYTM,TXN00000722,SUCCESS,2025-09-20 18:28:18,,2025-09-20 18:28:18,76,2025-09-20 18:28:18,76,
723,917,76,343.85,INR,DEBIT_CARD,PAYTM,TXN00000723,SUCCESS,2024-09-13 19:51:42,,2024-09-13 19:51:42,76,2024-09-13 19:51:42,76,
724,918,76,3400.00,INR,CREDIT_CARD,PAYTM,TXN00000724,SUCCESS,2024-08-15 06:08:05,,2024-08-15 06:08:05,76,2024-08-15 06:08:05,76,
725,920,76,1148.85,INR,CREDIT_CARD,STRIPE,TXN00000725,SUCCESS,2024-02-19 05:25:31,,2024-02-19 05:25:31,76,2024-02-19 05:25:31,76,
726,922,76,588.85,INR,DEBIT_CARD,STRIPE,TXN00000726,SUCCESS,2024-02-06 12:01:21,,2024-02-06 12:01:21,76,2024-02-06 12:01:21,76,
727,924,76,458.85,INR,UPI,RAZORPAY,TXN00000727,SUCCESS,2024-09-21 13:55:20,,2024-09-21 13:55:20,76,2024-09-21 13:55:20,76,
728,926,76,2825.00,INR,UPI,RAZORPAY,TXN00000728,SUCCESS,2025-10-25 00:05:35,,2025-10-25 00:05:35,76,2025-10-25 00:05:35,76,
729,928,77,588.85,INR,DEBIT_CARD,RAZORPAY,TXN00000729,SUCCESS,2024-11-21 09:32:20,,2024-11-21 09:32:20,77,2024-11-21 09:32:20,77,
730,930,77,1393.85,INR,WALLET,RAZORPAY,TXN00000730,SUCCESS,2025-09-19 13:44:09,,2025-09-19 13:44:09,77,2025-09-19 13:44:09,77,
731,931,77,2825.00,INR,UPI,PAYTM,TXN00000731,SUCCESS,2025-01-06 21:11:11,,2025-01-06 21:11:11,77,2025-01-06 21:11:11,77,
732,933,77,358.85,INR,DEBIT_CARD,RAZORPAY,TXN00000732,SUCCESS,2025-05-14 20:47:29,,2025-05-14 20:47:29,77,2025-05-14 20:47:29,77,
733,934,77,1443.85,INR,CREDIT_CARD,PAYTM,TXN00000733,SUCCESS,2025-04-06 18:34:24,,2025-04-06 18:34:24,77,2025-04-06 18:34:24,77,
734,935,77,2248.85,INR,UPI,PAYTM,TXN00000734,SUCCESS,2025-10-07 17:11:32,,2025-10-07 17:11:32,77,2025-10-07 17:11:32,77,
735,936,77,473.85,INR,DEBIT_CARD,PAYTM,TXN00000735,SUCCESS,2025-06-08 04:29:32,,2025-06-08 04:29:32,77,2025-06-08 04:29:32,77,
736,938,77,458.85,INR,WALLET,STRIPE,TXN00000736,SUCCESS,2025-09-29 21:43:26,,2025-09-29 21:43:26,77,2025-09-29 21:43:26,77,
737,939,77,523.85,INR,WALLET,RAZORPAY,TXN00000737,SUCCESS,2024-05-07 20:33:14,,2024-05-07 20:33:14,77,2024-05-07 20:33:14,77,
738,941,77,803.85,INR,WALLET,STRIPE,TXN00000738,SUCCESS,2024-06-11 01:08:16,,2024-06-11 01:08:16,77,2024-06-11 01:08:16,77,
739,942,77,573.85,INR,WALLET,RAZORPAY,TXN00000739,SUCCESS,2024-01-05 21:42:20,,2024-01-05 21:42:20,77,2024-01-05 21:42:20,77,
740,943,77,2825.00,INR,DEBIT_CARD,RAZORPAY,TXN00000740,SUCCESS,2024-12-23 12:42:55,,2024-12-23 12:42:55,77,2024-12-23 12:42:55,77,
741,944,77,2775.00,INR,DEBIT_CARD,STRIPE,TXN00000741,SUCCESS,2024-09-11 17:28:50,,2024-09-11 17:28:50,77,2024-09-11 17:28:50,77,
742,945,77,2198.85,INR,CREDIT_CARD,RAZORPAY,TXN00000742,SUCCESS,2024-09-17 10:23:05,,2024-09-17 10:23:05,77,2024-09-17 10:23:05,77,
743,946,77,1673.85,INR,DEBIT_CARD,PAYTM,TXN00000743,SUCCESS,2025-10-07 12:56:01,,2025-10-07 12:56:01,77,2025-10-07 12:56:01,77,
744,948,77,3400.00,INR,DEBIT_CARD,PAYTM,TXN00000744,SUCCESS,2024-10-28 23:30:46,,2024-10-28 23:30:46,77,2024-10-28 23:30:46,77,
745,949,77,1623.85,INR,DEBIT_CARD,STRIPE,TXN00000745,SUCCESS,2024-03-18 20:02:59,,2024-03-18 20:02:59,77,2024-03-18 20:02:59,77,
746,950,77,408.85,INR,DEBIT_CARD,PAYTM,TXN00000746,SUCCESS,2025-02-07 00:47:14,,2025-02-07 00:47:14,77,2025-02-07 00:47:14,77,
747,953,78,803.85,INR,CREDIT_CARD,RAZORPAY,TXN00000747,SUCCESS,2025-08-14 22:01:48,,2025-08-14 22:01:48,78,2025-08-14 22:01:48,78,
748,954,78,408.85,INR,WALLET,STRIPE,TXN00000748,SUCCESS,2024-11-19 02:15:05,,2024-11-19 02:15:05,78,2024-11-19 02:15:05,78,
749,955,78,1443.85,INR,DEBIT_CARD,PAYTM,TXN00000749,SUCCESS,2025-05-26 03:58:19,,2025-05-26 03:58:19,78,2025-05-26 03:58:19,78,
750,956,78,3350.00,INR,CREDIT_CARD,STRIPE,TXN00000750,SUCCESS,2024-09-21 18:01:42,,2024-09-21 18:01:42,78,2024-09-21 18:01:42,78,
751,957,78,703.85,INR,DEBIT_CARD,STRIPE,TXN00000751,SUCCESS,2024-09-16 08:09:00,,2024-09-16 08:09:00,78,2024-09-16 08:09:00,78,
752,958,78,2198.85,INR,UPI,RAZORPAY,TXN00000752,SUCCESS,2025-02-19 02:10:19,,2025-02-19 02:10:19,78,2025-02-19 02:10:19,78,
753,959,78,2298.85,INR,CREDIT_CARD,STRIPE,TXN00000753,SUCCESS,2025-10-17 02:23:43,,2025-10-17 02:23:43,78,2025-10-17 02:23:43,78,
754,960,78,2198.85,INR,UPI,STRIPE,TXN00000754,SUCCESS,2025-10-21 22:34:42,,2025-10-21 22:34:42,78,2025-10-21 22:34:42,78,
755,961,78,2775.00,INR,UPI,PAYTM,TXN00000755,SUCCESS,2025-09-13 02:44:21,,2025-09-13 02:44:21,78,2025-09-13 02:44:21,78,
756,964,78,3400.00,INR,UPI,RAZORPAY,TXN00000756,SUCCESS,2025-04-01 12:21:16,,2025-04-01 12:21:16,78,2025-04-01 12:21:16,78,
757,965,78,2875.00,INR,UPI,STRIPE,TXN00000757,SUCCESS,2024-11-22 23:34:56,,2024-11-22 23:34:56,78,2024-11-22 23:34:56,78,
758,966,78,638.85,INR,WALLET,PAYTM,TXN00000758,SUCCESS,2025-03-16 21:11:50,,2025-03-16 21:11:50,78,2025-03-16 21:11:50,78,
759,967,78,523.85,INR,DEBIT_CARD,PAYTM,TXN00000759,SUCCESS,2024-03-06 10:42:17,,2024-03-06 10:42:17,78,2024-03-06 10:42:17,78,
760,970,78,753.85,INR,UPI,RAZORPAY,TXN00000760,SUCCESS,2025-10-03 11:45:36,,2025-10-03 11:45:36,78,2025-10-03 11:45:36,78,
761,971,78,3450.00,INR,WALLET,RAZORPAY,TXN00000761,SUCCESS,2024-10-16 12:13:08,,2024-10-16 12:13:08,78,2024-10-16 12:13:08,78,
762,973,78,688.85,INR,DEBIT_CARD,RAZORPAY,TXN00000762,SUCCESS,2024-10-20 14:33:37,,2024-10-20 14:33:37,78,2024-10-20 14:33:37,78,
