--
-- PostgreSQL database dump
--

-- Dumped from database version 15.13
-- Dumped by pg_dump version 15.13

SET statement_timeout = 0;
SET lock_timeout = 0;
SET idle_in_transaction_session_timeout = 0;
SET client_encoding = 'UTF8';
SET standard_conforming_strings = on;
SELECT pg_catalog.set_config('search_path', '', false);
SET check_function_bodies = false;
SET xmloption = content;
SET client_min_messages = warning;
SET row_security = off;

SET default_tablespace = '';

SET default_table_access_method = heap;

--
-- Name: addresses; Type: TABLE; Schema: public; Owner: postgres
--

CREATE TABLE public.addresses (
    id bigint NOT NULL,
    address_line1 character varying(255) NOT NULL,
    address_line2 character varying(255),
    address_type character varying(20) NOT NULL,
    city character varying(100) NOT NULL,
    created_at timestamp(6) without time zone,
    is_default boolean,
    landmark character varying(100),
    latitude numeric(10,7),
    longitude numeric(10,7),
    postal_code character varying(20) NOT NULL,
    state character varying(100) NOT NULL,
    updated_at timestamp(6) without time zone,
    user_id bigint NOT NULL,
    CONSTRAINT addresses_address_type_check CHECK (((address_type)::text = ANY ((ARRAY['HOME'::character varying, 'OFFICE'::character varying, 'OTHER'::character varying])::text[])))
);


ALTER TABLE public.addresses OWNER TO postgres;

--
-- Name: addresses_id_seq; Type: SEQUENCE; Schema: public; Owner: postgres
--

ALTER TABLE public.addresses ALTER COLUMN id ADD GENERATED BY DEFAULT AS IDENTITY (
    SEQUENCE NAME public.addresses_id_seq
    START WITH 1
    INCREMENT BY 1
    NO MINVALUE
    NO MAXVALUE
    CACHE 1
);


--
-- Name: announcements; Type: TABLE; Schema: public; Owner: postgres
--

CREATE TABLE public.announcements (
    id bigint NOT NULL,
    content text NOT NULL,
    created_at timestamp(6) without time zone NOT NULL,
    created_by bigint,
    end_date timestamp(6) without time zone,
    is_active boolean NOT NULL,
    start_date timestamp(6) without time zone,
    target_audience character varying(50),
    title character varying(200) NOT NULL,
    type character varying(50) NOT NULL,
    updated_at timestamp(6) without time zone
);


ALTER TABLE public.announcements OWNER TO postgres;

--
-- Name: announcements_id_seq; Type: SEQUENCE; Schema: public; Owner: postgres
--

ALTER TABLE public.announcements ALTER COLUMN id ADD GENERATED BY DEFAULT AS IDENTITY (
    SEQUENCE NAME public.announcements_id_seq
    START WITH 1
    INCREMENT BY 1
    NO MINVALUE
    NO MAXVALUE
    CACHE 1
);


--
-- Name: banners; Type: TABLE; Schema: public; Owner: postgres
--

CREATE TABLE public.banners (
    id bigint NOT NULL,
    click_count bigint,
    created_at timestamp(6) without time zone NOT NULL,
    description character varying(500),
    display_order integer,
    end_date timestamp(6) without time zone,
    image_url character varying(500) NOT NULL,
    is_active boolean NOT NULL,
    link_url character varying(500),
    "position" character varying(50) NOT NULL,
    start_date timestamp(6) without time zone,
    title character varying(200) NOT NULL,
    updated_at timestamp(6) without time zone
);


ALTER TABLE public.banners OWNER TO postgres;

--
-- Name: banners_id_seq; Type: SEQUENCE; Schema: public; Owner: postgres
--

ALTER TABLE public.banners ALTER COLUMN id ADD GENERATED BY DEFAULT AS IDENTITY (
    SEQUENCE NAME public.banners_id_seq
    START WITH 1
    INCREMENT BY 1
    NO MINVALUE
    NO MAXVALUE
    CACHE 1
);


--
-- Name: bookings; Type: TABLE; Schema: public; Owner: postgres
--

CREATE TABLE public.bookings (
    id bigint NOT NULL,
    booking_date date NOT NULL,
    booking_time time(6) without time zone NOT NULL,
    created_at timestamp(6) without time zone NOT NULL,
    notes text,
    status character varying(20) NOT NULL,
    total_amount numeric(10,2) NOT NULL,
    updated_at timestamp(6) without time zone,
    address_id bigint,
    service_id bigint NOT NULL,
    user_id bigint NOT NULL,
    CONSTRAINT bookings_status_check CHECK (((status)::text = ANY ((ARRAY['PENDING'::character varying, 'CONFIRMED'::character varying, 'COMPLETED'::character varying, 'CANCELLED'::character varying])::text[])))
);


ALTER TABLE public.bookings OWNER TO postgres;

--
-- Name: bookings_id_seq; Type: SEQUENCE; Schema: public; Owner: postgres
--

ALTER TABLE public.bookings ALTER COLUMN id ADD GENERATED BY DEFAULT AS IDENTITY (
    SEQUENCE NAME public.bookings_id_seq
    START WITH 1
    INCREMENT BY 1
    NO MINVALUE
    NO MAXVALUE
    CACHE 1
);


--
-- Name: cart_items; Type: TABLE; Schema: public; Owner: postgres
--

CREATE TABLE public.cart_items (
    id bigint NOT NULL,
    created_at timestamp(6) without time zone NOT NULL,
    quantity integer NOT NULL,
    service_id bigint NOT NULL,
    user_id bigint NOT NULL
);


ALTER TABLE public.cart_items OWNER TO postgres;

--
-- Name: cart_items_id_seq; Type: SEQUENCE; Schema: public; Owner: postgres
--

ALTER TABLE public.cart_items ALTER COLUMN id ADD GENERATED BY DEFAULT AS IDENTITY (
    SEQUENCE NAME public.cart_items_id_seq
    START WITH 1
    INCREMENT BY 1
    NO MINVALUE
    NO MAXVALUE
    CACHE 1
);


--
-- Name: faqs; Type: TABLE; Schema: public; Owner: postgres
--

CREATE TABLE public.faqs (
    id bigint NOT NULL,
    answer text NOT NULL,
    category character varying(100) NOT NULL,
    created_at timestamp(6) without time zone NOT NULL,
    display_order integer,
    is_active boolean NOT NULL,
    question character varying(500) NOT NULL,
    updated_at timestamp(6) without time zone
);


ALTER TABLE public.faqs OWNER TO postgres;

--
-- Name: faqs_id_seq; Type: SEQUENCE; Schema: public; Owner: postgres
--

ALTER TABLE public.faqs ALTER COLUMN id ADD GENERATED BY DEFAULT AS IDENTITY (
    SEQUENCE NAME public.faqs_id_seq
    START WITH 1
    INCREMENT BY 1
    NO MINVALUE
    NO MAXVALUE
    CACHE 1
);


--
-- Name: favorites; Type: TABLE; Schema: public; Owner: postgres
--

CREATE TABLE public.favorites (
    id bigint NOT NULL,
    created_at timestamp(6) without time zone,
    service_id bigint NOT NULL,
    user_id bigint NOT NULL
);


ALTER TABLE public.favorites OWNER TO postgres;

--
-- Name: favorites_id_seq; Type: SEQUENCE; Schema: public; Owner: postgres
--

ALTER TABLE public.favorites ALTER COLUMN id ADD GENERATED BY DEFAULT AS IDENTITY (
    SEQUENCE NAME public.favorites_id_seq
    START WITH 1
    INCREMENT BY 1
    NO MINVALUE
    NO MAXVALUE
    CACHE 1
);


--
-- Name: payments; Type: TABLE; Schema: public; Owner: postgres
--

CREATE TABLE public.payments (
    id bigint NOT NULL,
    amount numeric(10,2) NOT NULL,
    created_at timestamp(6) without time zone NOT NULL,
    gateway_response text,
    method character varying(30) NOT NULL,
    payment_date timestamp(6) without time zone,
    status character varying(20) NOT NULL,
    transaction_id character varying(100),
    updated_at timestamp(6) without time zone,
    booking_id bigint NOT NULL,
    user_id bigint NOT NULL,
    CONSTRAINT payments_method_check CHECK (((method)::text = ANY ((ARRAY['UPI'::character varying, 'CREDIT_CARD'::character varying, 'DEBIT_CARD'::character varying, 'NET_BANKING'::character varying, 'WALLET'::character varying, 'CASH_ON_DELIVERY'::character varying])::text[]))),
    CONSTRAINT payments_status_check CHECK (((status)::text = ANY ((ARRAY['PENDING'::character varying, 'PROCESSING'::character varying, 'SUCCESS'::character varying, 'FAILED'::character varying, 'REFUNDED'::character varying])::text[])))
);


ALTER TABLE public.payments OWNER TO postgres;

--
-- Name: payments_id_seq; Type: SEQUENCE; Schema: public; Owner: postgres
--

ALTER TABLE public.payments ALTER COLUMN id ADD GENERATED BY DEFAULT AS IDENTITY (
    SEQUENCE NAME public.payments_id_seq
    START WITH 1
    INCREMENT BY 1
    NO MINVALUE
    NO MAXVALUE
    CACHE 1
);


--
-- Name: refunds; Type: TABLE; Schema: public; Owner: postgres
--

CREATE TABLE public.refunds (
    id bigint NOT NULL,
    amount numeric(10,2) NOT NULL,
    created_at timestamp(6) without time zone NOT NULL,
    processed_at timestamp(6) without time zone,
    reason character varying(500),
    status character varying(20) NOT NULL,
    updated_at timestamp(6) without time zone,
    booking_id bigint NOT NULL,
    CONSTRAINT refunds_status_check CHECK (((status)::text = ANY ((ARRAY['PENDING'::character varying, 'PROCESSING'::character varying, 'COMPLETED'::character varying, 'REJECTED'::character varying])::text[])))
);


ALTER TABLE public.refunds OWNER TO postgres;

--
-- Name: refunds_id_seq; Type: SEQUENCE; Schema: public; Owner: postgres
--

ALTER TABLE public.refunds ALTER COLUMN id ADD GENERATED BY DEFAULT AS IDENTITY (
    SEQUENCE NAME public.refunds_id_seq
    START WITH 1
    INCREMENT BY 1
    NO MINVALUE
    NO MAXVALUE
    CACHE 1
);


--
-- Name: reviews; Type: TABLE; Schema: public; Owner: postgres
--

CREATE TABLE public.reviews (
    id bigint NOT NULL,
    comment text,
    created_at timestamp(6) without time zone NOT NULL,
    rating integer NOT NULL,
    updated_at timestamp(6) without time zone,
    booking_id bigint NOT NULL,
    service_id bigint NOT NULL,
    user_id bigint NOT NULL
);


ALTER TABLE public.reviews OWNER TO postgres;

--
-- Name: reviews_id_seq; Type: SEQUENCE; Schema: public; Owner: postgres
--

ALTER TABLE public.reviews ALTER COLUMN id ADD GENERATED BY DEFAULT AS IDENTITY (
    SEQUENCE NAME public.reviews_id_seq
    START WITH 1
    INCREMENT BY 1
    NO MINVALUE
    NO MAXVALUE
    CACHE 1
);


--
-- Name: services; Type: TABLE; Schema: public; Owner: postgres
--

CREATE TABLE public.services (
    id bigint NOT NULL,
    address character varying(255),
    approval_status character varying(255),
    average_rating numeric(3,2),
    category character varying(50) NOT NULL,
    city character varying(100),
    created_at timestamp(6) without time zone NOT NULL,
    description text,
    duration_minutes integer,
    is_available boolean,
    is_featured boolean,
    latitude double precision,
    longitude double precision,
    postal_code character varying(10),
    price numeric(10,2) NOT NULL,
    rejection_reason text,
    service_name character varying(100) NOT NULL,
    state character varying(100),
    total_reviews integer,
    updated_at timestamp(6) without time zone,
    vendor_id bigint NOT NULL,
    CONSTRAINT services_approval_status_check CHECK (((approval_status)::text = ANY ((ARRAY['PENDING'::character varying, 'APPROVED'::character varying, 'REJECTED'::character varying])::text[])))
);


ALTER TABLE public.services OWNER TO postgres;

--
-- Name: services_id_seq; Type: SEQUENCE; Schema: public; Owner: postgres
--

ALTER TABLE public.services ALTER COLUMN id ADD GENERATED BY DEFAULT AS IDENTITY (
    SEQUENCE NAME public.services_id_seq
    START WITH 1
    INCREMENT BY 1
    NO MINVALUE
    NO MAXVALUE
    CACHE 1
);


--
-- Name: user_preferences; Type: TABLE; Schema: public; Owner: postgres
--

CREATE TABLE public.user_preferences (
    id bigint NOT NULL,
    booking_reminders boolean,
    created_at timestamp(6) without time zone,
    email_notifications boolean,
    promotional_emails boolean,
    push_notifications boolean,
    sms_notifications boolean,
    updated_at timestamp(6) without time zone,
    user_id bigint NOT NULL
);


ALTER TABLE public.user_preferences OWNER TO postgres;

--
-- Name: user_preferences_id_seq; Type: SEQUENCE; Schema: public; Owner: postgres
--

ALTER TABLE public.user_preferences ALTER COLUMN id ADD GENERATED BY DEFAULT AS IDENTITY (
    SEQUENCE NAME public.user_preferences_id_seq
    START WITH 1
    INCREMENT BY 1
    NO MINVALUE
    NO MAXVALUE
    CACHE 1
);


--
-- Name: users; Type: TABLE; Schema: public; Owner: postgres
--

CREATE TABLE public.users (
    id bigint NOT NULL,
    address character varying(255),
    city character varying(100),
    created_at timestamp(6) without time zone NOT NULL,
    email character varying(100) NOT NULL,
    full_name character varying(100) NOT NULL,
    is_active boolean,
    latitude double precision,
    longitude double precision,
    password character varying(255) NOT NULL,
    phone character varying(20) NOT NULL,
    profile_picture character varying(500),
    role character varying(20) NOT NULL,
    state character varying(100),
    updated_at timestamp(6) without time zone,
    postal_code character varying(10),
    reset_token character varying(100),
    reset_token_expiry timestamp(6) without time zone,
    CONSTRAINT users_role_check CHECK (((role)::text = ANY ((ARRAY['USER'::character varying, 'VENDOR'::character varying, 'ADMIN'::character varying])::text[])))
);


ALTER TABLE public.users OWNER TO postgres;

--
-- Name: users_id_seq; Type: SEQUENCE; Schema: public; Owner: postgres
--

ALTER TABLE public.users ALTER COLUMN id ADD GENERATED BY DEFAULT AS IDENTITY (
    SEQUENCE NAME public.users_id_seq
    START WITH 1
    INCREMENT BY 1
    NO MINVALUE
    NO MAXVALUE
    CACHE 1
);


--
-- Name: vendors; Type: TABLE; Schema: public; Owner: postgres
--

CREATE TABLE public.vendors (
    id bigint NOT NULL,
    address character varying(255),
    approval_status character varying(255),
    availability character varying(100),
    average_rating numeric(3,2),
    business_name character varying(200) NOT NULL,
    city character varying(100),
    contact_person character varying(100),
    created_at timestamp(6) without time zone NOT NULL,
    description text,
    email character varying(100),
    is_active boolean,
    is_verified boolean,
    latitude double precision,
    location character varying(100) NOT NULL,
    longitude double precision,
    phone character varying(20) NOT NULL,
    postal_code character varying(10),
    primary_category character varying(100) NOT NULL,
    rejection_reason text,
    state character varying(100),
    total_reviews integer,
    updated_at timestamp(6) without time zone,
    vendor_code character varying(20),
    years_of_experience integer,
    user_id bigint,
    CONSTRAINT vendors_approval_status_check CHECK (((approval_status)::text = ANY ((ARRAY['PENDING'::character varying, 'APPROVED'::character varying, 'REJECTED'::character varying, 'SUSPENDED'::character varying])::text[])))
);


ALTER TABLE public.vendors OWNER TO postgres;

--
-- Name: vendors_id_seq; Type: SEQUENCE; Schema: public; Owner: postgres
--

ALTER TABLE public.vendors ALTER COLUMN id ADD GENERATED BY DEFAULT AS IDENTITY (
    SEQUENCE NAME public.vendors_id_seq
    START WITH 1
    INCREMENT BY 1
    NO MINVALUE
    NO MAXVALUE
    CACHE 1
);


--
-- Name: wallets; Type: TABLE; Schema: public; Owner: postgres
--

CREATE TABLE public.wallets (
    id bigint NOT NULL,
    balance numeric(10,2) NOT NULL,
    created_at timestamp(6) without time zone NOT NULL,
    is_active boolean NOT NULL,
    updated_at timestamp(6) without time zone,
    user_id bigint NOT NULL
);


ALTER TABLE public.wallets OWNER TO postgres;

--
-- Name: wallets_id_seq; Type: SEQUENCE; Schema: public; Owner: postgres
--

ALTER TABLE public.wallets ALTER COLUMN id ADD GENERATED BY DEFAULT AS IDENTITY (
    SEQUENCE NAME public.wallets_id_seq
    START WITH 1
    INCREMENT BY 1
    NO MINVALUE
    NO MAXVALUE
    CACHE 1
);


--
-- Data for Name: addresses; Type: TABLE DATA; Schema: public; Owner: postgres
--

COPY public.addresses (id, address_line1, address_line2, address_type, city, created_at, is_default, landmark, latitude, longitude, postal_code, state, updated_at, user_id) FROM stdin;
\.


--
-- Data for Name: announcements; Type: TABLE DATA; Schema: public; Owner: postgres
--

COPY public.announcements (id, content, created_at, created_by, end_date, is_active, start_date, target_audience, title, type, updated_at) FROM stdin;
\.


--
-- Data for Name: banners; Type: TABLE DATA; Schema: public; Owner: postgres
--

COPY public.banners (id, click_count, created_at, description, display_order, end_date, image_url, is_active, link_url, "position", start_date, title, updated_at) FROM stdin;
\.


--
-- Data for Name: bookings; Type: TABLE DATA; Schema: public; Owner: postgres
--

COPY public.bookings (id, booking_date, booking_time, created_at, notes, status, total_amount, updated_at, address_id, service_id, user_id) FROM stdin;
16	2025-11-04	11:30:00	2025-10-21 20:37:51.846064	Sample booking note for Pipe Leak Repair	PENDING	1200.00	2025-10-21 20:37:51.846064	\N	216	1
17	2025-10-23	10:00:00	2025-10-21 20:37:51.85431	Sample booking note for Drain Cleaning	CONFIRMED	1500.00	2025-10-21 20:37:51.85431	\N	217	1
18	2025-09-28	04:30:00	2025-10-21 20:37:51.857311	Sample booking note for Water Heater Installation	COMPLETED	1800.00	2025-10-21 20:37:51.857311	\N	218	1
19	2025-10-08	04:30:00	2025-10-21 20:37:51.908973	Sample booking note for Bathroom Fitting	CANCELLED	2000.00	2025-10-21 20:37:51.908973	\N	219	1
20	2025-11-03	06:30:00	2025-10-21 20:37:51.912828	Sample booking note for Pipe Leak Repair	PENDING	2500.00	2025-10-21 20:37:51.912828	\N	220	1
21	2025-10-28	08:00:00	2025-10-21 20:37:51.913853	Sample booking note for Wiring Installation	CONFIRMED	3000.00	2025-10-21 20:37:51.913853	\N	221	1
22	2025-09-28	05:30:00	2025-10-21 20:37:51.916255	Sample booking note for Switchboard Repair	COMPLETED	3500.00	2025-10-21 20:37:51.916255	\N	222	1
23	2025-10-15	10:00:00	2025-10-21 20:37:51.928982	Sample booking note for Light Fixture Setup	CANCELLED	4000.00	2025-10-21 20:37:51.928982	\N	223	1
24	2025-10-26	09:30:00	2025-10-21 20:37:51.931634	Sample booking note for Fan Installation	PENDING	5000.00	2025-10-21 20:37:51.931634	\N	224	1
25	2025-10-26	07:00:00	2025-10-21 20:37:51.933215	Sample booking note for Deep House Cleaning	CONFIRMED	8000.00	2025-10-21 20:37:51.933215	\N	225	1
26	2025-10-11	11:30:00	2025-10-21 20:37:51.935675	Sample booking note for Kitchen Cleaning	COMPLETED	10000.00	2025-10-21 20:37:51.935675	\N	226	1
27	2025-10-18	08:30:00	2025-10-21 20:37:51.947015	Sample booking note for Bathroom Sanitization	CANCELLED	15000.00	2025-10-21 20:37:51.947015	\N	227	1
28	2025-11-01	09:30:00	2025-10-21 20:37:51.949183	Sample booking note for Carpet Cleaning	PENDING	800.00	2025-10-21 20:37:51.949183	\N	228	1
29	2025-11-01	06:30:00	2025-10-21 20:37:51.951519	Sample booking note for Deep House Cleaning	CONFIRMED	1200.00	2025-10-21 20:37:51.951519	\N	229	1
30	2025-10-09	05:00:00	2025-10-21 20:37:51.953203	Sample booking note for Interior Painting	COMPLETED	1500.00	2025-10-21 20:37:51.953203	\N	230	1
31	2025-10-17	05:00:00	2025-10-21 20:37:51.96573	Sample booking note for Exterior Painting	CANCELLED	1800.00	2025-10-21 20:37:51.96573	\N	231	1
32	2025-11-01	07:30:00	2025-10-21 20:37:51.968729	Sample booking note for Wall Texturing	PENDING	2000.00	2025-10-21 20:37:51.968729	\N	232	1
33	2025-10-23	07:30:00	2025-10-21 20:37:51.970721	Sample booking note for Waterproofing	CONFIRMED	2500.00	2025-10-21 20:37:51.970721	\N	233	1
34	2025-10-15	09:00:00	2025-10-21 20:37:51.973727	Sample booking note for Custom Wardrobe	COMPLETED	3000.00	2025-10-21 20:37:51.973727	\N	234	1
35	2025-10-15	09:30:00	2025-10-21 20:37:51.988725	Sample booking note for Furniture Repair	CANCELLED	3500.00	2025-10-21 20:37:51.988725	\N	235	1
36	2025-10-24	07:30:00	2025-10-21 20:37:51.990721	Sample booking note for AC Repair	PENDING	4000.00	2025-10-21 20:37:51.990721	\N	236	1
37	2025-10-31	06:30:00	2025-10-21 20:37:51.992719	Sample booking note for Refrigerator Repair	CONFIRMED	5000.00	2025-10-21 20:37:51.992719	\N	237	1
38	2025-09-20	05:30:00	2025-10-21 20:37:51.99472	Sample booking note for Washing Machine Repair	COMPLETED	8000.00	2025-10-21 20:37:51.99472	\N	238	1
39	2025-10-12	11:00:00	2025-10-21 20:37:52.006723	Sample booking note for Microwave Repair	CANCELLED	10000.00	2025-10-21 20:37:52.006723	\N	239	1
40	2025-10-29	05:30:00	2025-10-21 20:37:52.008723	Sample booking note for AC Repair	PENDING	15000.00	2025-10-21 20:37:52.008723	\N	240	1
\.


--
-- Data for Name: cart_items; Type: TABLE DATA; Schema: public; Owner: postgres
--

COPY public.cart_items (id, created_at, quantity, service_id, user_id) FROM stdin;
\.


--
-- Data for Name: faqs; Type: TABLE DATA; Schema: public; Owner: postgres
--

COPY public.faqs (id, answer, category, created_at, display_order, is_active, question, updated_at) FROM stdin;
\.


--
-- Data for Name: favorites; Type: TABLE DATA; Schema: public; Owner: postgres
--

COPY public.favorites (id, created_at, service_id, user_id) FROM stdin;
2	2025-10-22 07:09:19.286973	223	1
3	2025-10-22 07:09:57.312005	222	1
\.


--
-- Data for Name: payments; Type: TABLE DATA; Schema: public; Owner: postgres
--

COPY public.payments (id, amount, created_at, gateway_response, method, payment_date, status, transaction_id, updated_at, booking_id, user_id) FROM stdin;
\.


--
-- Data for Name: refunds; Type: TABLE DATA; Schema: public; Owner: postgres
--

COPY public.refunds (id, amount, created_at, processed_at, reason, status, updated_at, booking_id) FROM stdin;
\.


--
-- Data for Name: reviews; Type: TABLE DATA; Schema: public; Owner: postgres
--

COPY public.reviews (id, comment, created_at, rating, updated_at, booking_id, service_id, user_id) FROM stdin;
5	Great experience. Highly recommend this service provider.	2025-10-21 20:37:51.860312	4	2025-10-21 20:37:51.860312	18	218	1
6	Quick and reliable service. Good value for money.	2025-10-21 20:37:51.918367	5	2025-10-21 20:37:51.918367	22	222	1
7	Decent service. Met my expectations.	2025-10-21 20:37:51.937675	3	2025-10-21 20:37:51.937675	26	226	1
8	Very satisfied with the service. Prompt and courteous.	2025-10-21 20:37:51.95521	4	2025-10-21 20:37:51.95521	30	230	1
9	Good service but could be better. Overall satisfied.	2025-10-21 20:37:51.976722	4	2025-10-21 20:37:51.976722	34	234	1
10	Decent service. Met my expectations.	2025-10-21 20:37:51.995719	5	2025-10-21 20:37:51.995719	38	238	1
\.


--
-- Data for Name: services; Type: TABLE DATA; Schema: public; Owner: postgres
--

COPY public.services (id, address, approval_status, average_rating, category, city, created_at, description, duration_minutes, is_available, is_featured, latitude, longitude, postal_code, price, rejection_reason, service_name, state, total_reviews, updated_at, vendor_id) FROM stdin;
216	Mumbai Central	APPROVED	4.10	Plumbing	Mumbai	2025-10-21 20:37:51.773046	Professional pipe leak repair service by experienced plumbing specialists with quality guarantee and timely completion	60	t	f	\N	\N	400001	1200.00	\N	Pipe Leak Repair	Maharashtra	11	2025-10-21 20:37:51.773046	52
217	Mumbai Central	APPROVED	4.20	Plumbing	Mumbai	2025-10-21 20:37:51.781522	Professional drain cleaning service by experienced plumbing specialists with quality guarantee and timely completion	90	t	f	\N	\N	400001	1500.00	\N	Drain Cleaning	Maharashtra	12	2025-10-21 20:37:51.781522	52
219	Mumbai Central	APPROVED	4.40	Plumbing	Mumbai	2025-10-21 20:37:51.786023	Professional bathroom fitting service by experienced plumbing specialists with quality guarantee and timely completion	180	t	f	\N	\N	400001	2000.00	\N	Bathroom Fitting	Maharashtra	14	2025-10-21 20:37:51.786023	52
220	Mumbai Central	APPROVED	4.50	Plumbing	Mumbai	2025-10-21 20:37:51.787095	Professional pipe leak repair service by experienced plumbing specialists with quality guarantee and timely completion	240	t	f	\N	\N	400001	2500.00	\N	Pipe Leak Repair	Maharashtra	15	2025-10-21 20:37:51.787095	52
221	Pune East	APPROVED	4.60	Electrical	Pune	2025-10-21 20:37:51.789095	Professional wiring installation service by experienced electrical specialists with quality guarantee and timely completion	60	t	f	\N	\N	400101	3000.00	\N	Wiring Installation	Maharashtra	16	2025-10-21 20:37:51.789095	53
223	Pune East	APPROVED	4.80	Electrical	Pune	2025-10-21 20:37:51.791131	Professional light fixture setup service by experienced electrical specialists with quality guarantee and timely completion	120	t	f	\N	\N	400101	4000.00	\N	Light Fixture Setup	Maharashtra	18	2025-10-21 20:37:51.791131	53
224	Pune East	APPROVED	4.90	Electrical	Pune	2025-10-21 20:37:51.792555	Professional fan installation service by experienced electrical specialists with quality guarantee and timely completion	180	t	f	\N	\N	400101	5000.00	\N	Fan Installation	Maharashtra	19	2025-10-21 20:37:51.792555	53
225	Delhi West	APPROVED	4.00	Cleaning	Delhi	2025-10-21 20:37:51.793708	Professional deep house cleaning service by experienced cleaning specialists with quality guarantee and timely completion	60	t	f	\N	\N	400201	8000.00	\N	Deep House Cleaning	Delhi	20	2025-10-21 20:37:51.793708	54
227	Delhi West	APPROVED	4.20	Cleaning	Delhi	2025-10-21 20:37:51.795708	Professional bathroom sanitization service by experienced cleaning specialists with quality guarantee and timely completion	120	t	f	\N	\N	400201	15000.00	\N	Bathroom Sanitization	Delhi	22	2025-10-21 20:37:51.795708	54
228	Delhi West	APPROVED	4.30	Cleaning	Delhi	2025-10-21 20:37:51.796748	Professional carpet cleaning service by experienced cleaning specialists with quality guarantee and timely completion	180	t	f	\N	\N	400201	800.00	\N	Carpet Cleaning	Delhi	23	2025-10-21 20:37:51.796748	54
229	Delhi West	APPROVED	4.40	Cleaning	Delhi	2025-10-21 20:37:51.797748	Professional deep house cleaning service by experienced cleaning specialists with quality guarantee and timely completion	240	t	f	\N	\N	400201	1200.00	\N	Deep House Cleaning	Delhi	24	2025-10-21 20:37:51.797748	54
231	Bangalore North	APPROVED	4.60	Painting	Bangalore	2025-10-21 20:37:51.799939	Professional exterior painting service by experienced painting specialists with quality guarantee and timely completion	90	t	f	\N	\N	400301	1800.00	\N	Exterior Painting	Karnataka	26	2025-10-21 20:37:51.799939	55
232	Bangalore North	APPROVED	4.70	Painting	Bangalore	2025-10-21 20:37:51.802143	Professional wall texturing service by experienced painting specialists with quality guarantee and timely completion	120	t	f	\N	\N	400301	2000.00	\N	Wall Texturing	Karnataka	27	2025-10-21 20:37:51.802143	55
233	Bangalore North	APPROVED	4.80	Painting	Bangalore	2025-10-21 20:37:51.80337	Professional waterproofing service by experienced painting specialists with quality guarantee and timely completion	180	t	f	\N	\N	400301	2500.00	\N	Waterproofing	Karnataka	28	2025-10-21 20:37:51.80337	55
235	Thane South	APPROVED	4.00	Carpentry	Thane	2025-10-21 20:37:51.806441	Professional furniture repair service by experienced carpentry specialists with quality guarantee and timely completion	90	t	f	\N	\N	400401	3500.00	\N	Furniture Repair	Maharashtra	30	2025-10-21 20:37:51.806441	56
236	Navi Mumbai Downtown	APPROVED	4.10	Appliance Repair	Navi Mumbai	2025-10-21 20:37:51.807445	Professional ac repair service by experienced appliance repair specialists with quality guarantee and timely completion	60	t	f	\N	\N	400501	4000.00	\N	AC Repair	Maharashtra	31	2025-10-21 20:37:51.807445	57
237	Navi Mumbai Downtown	APPROVED	4.20	Appliance Repair	Navi Mumbai	2025-10-21 20:37:51.808616	Professional refrigerator repair service by experienced appliance repair specialists with quality guarantee and timely completion	90	t	f	\N	\N	400501	5000.00	\N	Refrigerator Repair	Maharashtra	32	2025-10-21 20:37:51.808616	57
239	Navi Mumbai Downtown	APPROVED	4.40	Appliance Repair	Navi Mumbai	2025-10-21 20:37:51.810776	Professional microwave repair service by experienced appliance repair specialists with quality guarantee and timely completion	180	t	f	\N	\N	400501	10000.00	\N	Microwave Repair	Maharashtra	34	2025-10-21 20:37:51.810776	57
240	Navi Mumbai Downtown	APPROVED	4.50	Appliance Repair	Navi Mumbai	2025-10-21 20:37:51.810776	Professional ac repair service by experienced appliance repair specialists with quality guarantee and timely completion	240	t	f	\N	\N	400501	15000.00	\N	AC Repair	Maharashtra	35	2025-10-21 20:37:51.810776	57
218	Mumbai Central	APPROVED	4.00	Plumbing	Mumbai	2025-10-21 20:37:51.78402	Professional water heater installation service by experienced plumbing specialists with quality guarantee and timely completion	120	t	f	\N	\N	400001	1800.00	\N	Water Heater Installation	Maharashtra	1	2025-10-21 20:37:51.898032	52
222	Pune East	APPROVED	5.00	Electrical	Pune	2025-10-21 20:37:51.791131	Professional switchboard repair service by experienced electrical specialists with quality guarantee and timely completion	90	t	f	\N	\N	400101	3500.00	\N	Switchboard Repair	Maharashtra	1	2025-10-21 20:37:51.926985	53
226	Delhi West	APPROVED	3.00	Cleaning	Delhi	2025-10-21 20:37:51.794708	Professional kitchen cleaning service by experienced cleaning specialists with quality guarantee and timely completion	90	t	f	\N	\N	400201	10000.00	\N	Kitchen Cleaning	Delhi	1	2025-10-21 20:37:51.944654	54
230	Bangalore North	APPROVED	4.00	Painting	Bangalore	2025-10-21 20:37:51.798939	Professional interior painting service by experienced painting specialists with quality guarantee and timely completion	60	t	f	\N	\N	400301	1500.00	\N	Interior Painting	Karnataka	1	2025-10-21 20:37:51.963208	55
234	Thane South	APPROVED	4.00	Carpentry	Thane	2025-10-21 20:37:51.804441	Professional custom wardrobe service by experienced carpentry specialists with quality guarantee and timely completion	60	t	f	\N	\N	400401	3000.00	\N	Custom Wardrobe	Maharashtra	1	2025-10-21 20:37:51.985721	56
238	Navi Mumbai Downtown	APPROVED	5.00	Appliance Repair	Navi Mumbai	2025-10-21 20:37:51.809774	Professional washing machine repair service by experienced appliance repair specialists with quality guarantee and timely completion	120	t	f	\N	\N	400501	8000.00	\N	Washing Machine Repair	Maharashtra	1	2025-10-21 20:37:52.003722	57
\.


--
-- Data for Name: user_preferences; Type: TABLE DATA; Schema: public; Owner: postgres
--

COPY public.user_preferences (id, booking_reminders, created_at, email_notifications, promotional_emails, push_notifications, sms_notifications, updated_at, user_id) FROM stdin;
\.


--
-- Data for Name: users; Type: TABLE DATA; Schema: public; Owner: postgres
--

COPY public.users (id, address, city, created_at, email, full_name, is_active, latitude, longitude, password, phone, profile_picture, role, state, updated_at, postal_code, reset_token, reset_token_expiry) FROM stdin;
1	123 Test Street	Mumbai	2025-10-21 19:16:33.969487	user@bookaro.com	Test User	t	\N	\N	$2a$10$TydchzllmcSNMBPPY35yLO4/Wnra02nvy4vij11V/NtPsfQGxIGWy	1234567890	\N	USER	Maharashtra	2025-10-21 19:16:33.969487	400001	\N	\N
2	456 Vendor Avenue	Mumbai	2025-10-21 19:16:34.117077	vendor@bookaro.com	Test Vendor	t	\N	\N	$2a$10$2psCcdwPPajKpDQyP40LtOBMEXIwaPK5pooiw7pcAbbtKOyIMywpK	0987654321	\N	VENDOR	Maharashtra	2025-10-21 19:16:34.117077	400050	\N	\N
3	789 Admin Road	Mumbai	2025-10-21 19:16:34.200473	admin@bookaro.com	Admin User	t	\N	\N	$2a$10$YE2mcQyLKoh5TUtDa/kYCORkSxlSd8XT3nZPDuXLmKrfn2ri11D.u	1112223333	\N	ADMIN	Maharashtra	2025-10-21 19:16:34.200473	400076	\N	\N
54	Mumbai Central	Mumbai	2025-10-21 20:37:51.659768	mumbai@bookaro.com	Mumbai Services	t	\N	\N	$2a$10$XKzZdMXOpe0rZoG/Pjbksekw.QbW7pi53Y/MqM3sHM8MyXsHDmuRS	9876543210	\N	VENDOR	Maharashtra	2025-10-21 20:37:51.659768	400001	\N	\N
55	Pune East	Pune	2025-10-21 20:37:51.713122	pune@bookaro.com	Pune Services	t	\N	\N	$2a$10$LHvTjEz4SRkC/8fvoDFEG.u5ncqFRVTfJmrYwgi2A7l9eBZKKRaNm	9876543211	\N	VENDOR	Maharashtra	2025-10-21 20:37:51.713122	400101	\N	\N
56	Delhi West	Delhi	2025-10-21 20:37:51.715121	delhi@bookaro.com	Delhi Services	t	\N	\N	$2a$10$NnrpHRUmAOGkjfZOt6kN5ecyQxDJOii61YKb8qhOSAC49OBmdneHW	9876543212	\N	VENDOR	Delhi	2025-10-21 20:37:51.715121	400201	\N	\N
57	Bangalore North	Bangalore	2025-10-21 20:37:51.717233	bangalore@bookaro.com	Bangalore Services	t	\N	\N	$2a$10$felwLRDJ8r2h2FqxJEbYFO6dWSfNwVgn5UAFX8/LazStk4sKrSgKW	9876543213	\N	VENDOR	Karnataka	2025-10-21 20:37:51.717233	400301	\N	\N
58	Thane South	Thane	2025-10-21 20:37:51.717233	thane@bookaro.com	Thane Services	t	\N	\N	$2a$10$fkrG6UexbivSQC7cHUDURuU3UtshLMXKhXC5SR2BvWdoLBFEx7BYa	9876543214	\N	VENDOR	Maharashtra	2025-10-21 20:37:51.717233	400401	\N	\N
59	Navi Mumbai Downtown	Navi Mumbai	2025-10-21 20:37:51.719767	navimumbai@bookaro.com	Navi Mumbai Services	t	\N	\N	$2a$10$NJu8CbgDXWNg/gu5qUwz1.KdlY.0uqYRQ6XoRdPgcOGiqv4KaHNAe	9876543215	\N	VENDOR	Maharashtra	2025-10-21 20:37:51.719767	400501	\N	\N
\.


--
-- Data for Name: vendors; Type: TABLE DATA; Schema: public; Owner: postgres
--

COPY public.vendors (id, address, approval_status, availability, average_rating, business_name, city, contact_person, created_at, description, email, is_active, is_verified, latitude, location, longitude, phone, postal_code, primary_category, rejection_reason, state, total_reviews, updated_at, vendor_code, years_of_experience, user_id) FROM stdin;
57	\N	PENDING	Mon-Sun 9AM-9PM	4.70	Navi Mumbai Services Co.	Navi Mumbai	\N	2025-10-21 20:37:51.759291	Navi Mumbai's trusted service provider for all your needs	navimumbai@bookaro.com	t	t	\N	Navi Mumbai Downtown	\N	9876543215	400501	Appliance Repair	\N	Maharashtra	150	2025-10-21 20:37:51.759291	NMB001	10	59
52	\N	PENDING	Mon-Sat 9AM-7PM	4.20	Mumbai Services Co.	Mumbai	\N	2025-10-21 20:37:51.731374	Mumbai's trusted service provider for all your needs	mumbai@bookaro.com	t	t	\N	Mumbai Central	\N	9876543210	400001	Plumbing	\N	Maharashtra	50	2025-10-21 20:37:51.731374	MUM001	5	54
53	\N	PENDING	Mon-Sun 8AM-8PM	4.30	Pune Services Co.	Pune	\N	2025-10-21 20:37:51.750845	Pune's trusted service provider for all your needs	pune@bookaro.com	t	t	\N	Pune East	\N	9876543211	400101	Electrical	\N	Maharashtra	70	2025-10-21 20:37:51.750845	PUN001	6	55
54	\N	PENDING	24/7 Emergency Service	4.40	Delhi Services Co.	Delhi	\N	2025-10-21 20:37:51.753976	Delhi's trusted service provider for all your needs	delhi@bookaro.com	t	t	\N	Delhi West	\N	9876543212	400201	Cleaning	\N	Delhi	90	2025-10-21 20:37:51.753976	DEL001	7	56
55	\N	PENDING	Mon-Fri 10AM-6PM	4.50	Bangalore Services Co.	Bangalore	\N	2025-10-21 20:37:51.755975	Bangalore's trusted service provider for all your needs	bangalore@bookaro.com	t	t	\N	Bangalore North	\N	9876543213	400301	Painting	\N	Karnataka	110	2025-10-21 20:37:51.755975	BLR001	8	57
56	\N	PENDING	Weekends Only	4.60	Thane Services Co.	Thane	\N	2025-10-21 20:37:51.756977	Thane's trusted service provider for all your needs	thane@bookaro.com	t	t	\N	Thane South	\N	9876543214	400401	Carpentry	\N	Maharashtra	130	2025-10-21 20:37:51.756977	THA001	9	58
\.


--
-- Data for Name: wallets; Type: TABLE DATA; Schema: public; Owner: postgres
--

COPY public.wallets (id, balance, created_at, is_active, updated_at, user_id) FROM stdin;
\.


--
-- Name: addresses_id_seq; Type: SEQUENCE SET; Schema: public; Owner: postgres
--

SELECT pg_catalog.setval('public.addresses_id_seq', 1, false);


--
-- Name: announcements_id_seq; Type: SEQUENCE SET; Schema: public; Owner: postgres
--

SELECT pg_catalog.setval('public.announcements_id_seq', 1, false);


--
-- Name: banners_id_seq; Type: SEQUENCE SET; Schema: public; Owner: postgres
--

SELECT pg_catalog.setval('public.banners_id_seq', 1, false);


--
-- Name: bookings_id_seq; Type: SEQUENCE SET; Schema: public; Owner: postgres
--

SELECT pg_catalog.setval('public.bookings_id_seq', 40, true);


--
-- Name: cart_items_id_seq; Type: SEQUENCE SET; Schema: public; Owner: postgres
--

SELECT pg_catalog.setval('public.cart_items_id_seq', 1, false);


--
-- Name: faqs_id_seq; Type: SEQUENCE SET; Schema: public; Owner: postgres
--

SELECT pg_catalog.setval('public.faqs_id_seq', 1, false);


--
-- Name: favorites_id_seq; Type: SEQUENCE SET; Schema: public; Owner: postgres
--

SELECT pg_catalog.setval('public.favorites_id_seq', 3, true);


--
-- Name: payments_id_seq; Type: SEQUENCE SET; Schema: public; Owner: postgres
--

SELECT pg_catalog.setval('public.payments_id_seq', 1, false);


--
-- Name: refunds_id_seq; Type: SEQUENCE SET; Schema: public; Owner: postgres
--

SELECT pg_catalog.setval('public.refunds_id_seq', 1, false);


--
-- Name: reviews_id_seq; Type: SEQUENCE SET; Schema: public; Owner: postgres
--

SELECT pg_catalog.setval('public.reviews_id_seq', 10, true);


--
-- Name: services_id_seq; Type: SEQUENCE SET; Schema: public; Owner: postgres
--

SELECT pg_catalog.setval('public.services_id_seq', 240, true);


--
-- Name: user_preferences_id_seq; Type: SEQUENCE SET; Schema: public; Owner: postgres
--

SELECT pg_catalog.setval('public.user_preferences_id_seq', 1, false);


--
-- Name: users_id_seq; Type: SEQUENCE SET; Schema: public; Owner: postgres
--

SELECT pg_catalog.setval('public.users_id_seq', 61, true);


--
-- Name: vendors_id_seq; Type: SEQUENCE SET; Schema: public; Owner: postgres
--

SELECT pg_catalog.setval('public.vendors_id_seq', 57, true);


--
-- Name: wallets_id_seq; Type: SEQUENCE SET; Schema: public; Owner: postgres
--

SELECT pg_catalog.setval('public.wallets_id_seq', 1, false);


--
-- Name: addresses addresses_pkey; Type: CONSTRAINT; Schema: public; Owner: postgres
--

ALTER TABLE ONLY public.addresses
    ADD CONSTRAINT addresses_pkey PRIMARY KEY (id);


--
-- Name: announcements announcements_pkey; Type: CONSTRAINT; Schema: public; Owner: postgres
--

ALTER TABLE ONLY public.announcements
    ADD CONSTRAINT announcements_pkey PRIMARY KEY (id);


--
-- Name: banners banners_pkey; Type: CONSTRAINT; Schema: public; Owner: postgres
--

ALTER TABLE ONLY public.banners
    ADD CONSTRAINT banners_pkey PRIMARY KEY (id);


--
-- Name: bookings bookings_pkey; Type: CONSTRAINT; Schema: public; Owner: postgres
--

ALTER TABLE ONLY public.bookings
    ADD CONSTRAINT bookings_pkey PRIMARY KEY (id);


--
-- Name: cart_items cart_items_pkey; Type: CONSTRAINT; Schema: public; Owner: postgres
--

ALTER TABLE ONLY public.cart_items
    ADD CONSTRAINT cart_items_pkey PRIMARY KEY (id);


--
-- Name: faqs faqs_pkey; Type: CONSTRAINT; Schema: public; Owner: postgres
--

ALTER TABLE ONLY public.faqs
    ADD CONSTRAINT faqs_pkey PRIMARY KEY (id);


--
-- Name: favorites favorites_pkey; Type: CONSTRAINT; Schema: public; Owner: postgres
--

ALTER TABLE ONLY public.favorites
    ADD CONSTRAINT favorites_pkey PRIMARY KEY (id);


--
-- Name: payments payments_pkey; Type: CONSTRAINT; Schema: public; Owner: postgres
--

ALTER TABLE ONLY public.payments
    ADD CONSTRAINT payments_pkey PRIMARY KEY (id);


--
-- Name: refunds refunds_pkey; Type: CONSTRAINT; Schema: public; Owner: postgres
--

ALTER TABLE ONLY public.refunds
    ADD CONSTRAINT refunds_pkey PRIMARY KEY (id);


--
-- Name: reviews reviews_pkey; Type: CONSTRAINT; Schema: public; Owner: postgres
--

ALTER TABLE ONLY public.reviews
    ADD CONSTRAINT reviews_pkey PRIMARY KEY (id);


--
-- Name: services services_pkey; Type: CONSTRAINT; Schema: public; Owner: postgres
--

ALTER TABLE ONLY public.services
    ADD CONSTRAINT services_pkey PRIMARY KEY (id);


--
-- Name: users uk6dotkott2kjsp8vw4d0m25fb7; Type: CONSTRAINT; Schema: public; Owner: postgres
--

ALTER TABLE ONLY public.users
    ADD CONSTRAINT uk6dotkott2kjsp8vw4d0m25fb7 UNIQUE (email);


--
-- Name: favorites uk6f5oswtjo2paky1ggs2gp1g21; Type: CONSTRAINT; Schema: public; Owner: postgres
--

ALTER TABLE ONLY public.favorites
    ADD CONSTRAINT uk6f5oswtjo2paky1ggs2gp1g21 UNIQUE (user_id, service_id);


--
-- Name: vendors uk9i2htvn4b8t3eg8dr8wwvjmhv; Type: CONSTRAINT; Schema: public; Owner: postgres
--

ALTER TABLE ONLY public.vendors
    ADD CONSTRAINT uk9i2htvn4b8t3eg8dr8wwvjmhv UNIQUE (vendor_code);


--
-- Name: reviews uk_booking_review; Type: CONSTRAINT; Schema: public; Owner: postgres
--

ALTER TABLE ONLY public.reviews
    ADD CONSTRAINT uk_booking_review UNIQUE (booking_id);


--
-- Name: refunds ukgpmjo1vi0o8sksmo0gkygjvc8; Type: CONSTRAINT; Schema: public; Owner: postgres
--

ALTER TABLE ONLY public.refunds
    ADD CONSTRAINT ukgpmjo1vi0o8sksmo0gkygjvc8 UNIQUE (booking_id);


--
-- Name: vendors uki4fsfxe266yl9oye02ongwl8; Type: CONSTRAINT; Schema: public; Owner: postgres
--

ALTER TABLE ONLY public.vendors
    ADD CONSTRAINT uki4fsfxe266yl9oye02ongwl8 UNIQUE (user_id);


--
-- Name: payments uklryndveuwa4k5qthti0pkmtlx; Type: CONSTRAINT; Schema: public; Owner: postgres
--

ALTER TABLE ONLY public.payments
    ADD CONSTRAINT uklryndveuwa4k5qthti0pkmtlx UNIQUE (transaction_id);


--
-- Name: user_preferences ukqy8dkrkc8b34dcgwoq2km43rd; Type: CONSTRAINT; Schema: public; Owner: postgres
--

ALTER TABLE ONLY public.user_preferences
    ADD CONSTRAINT ukqy8dkrkc8b34dcgwoq2km43rd UNIQUE (user_id);


--
-- Name: wallets uksswfdl9fq40xlkove1y5kc7kv; Type: CONSTRAINT; Schema: public; Owner: postgres
--

ALTER TABLE ONLY public.wallets
    ADD CONSTRAINT uksswfdl9fq40xlkove1y5kc7kv UNIQUE (user_id);


--
-- Name: user_preferences user_preferences_pkey; Type: CONSTRAINT; Schema: public; Owner: postgres
--

ALTER TABLE ONLY public.user_preferences
    ADD CONSTRAINT user_preferences_pkey PRIMARY KEY (id);


--
-- Name: users users_pkey; Type: CONSTRAINT; Schema: public; Owner: postgres
--

ALTER TABLE ONLY public.users
    ADD CONSTRAINT users_pkey PRIMARY KEY (id);


--
-- Name: vendors vendors_pkey; Type: CONSTRAINT; Schema: public; Owner: postgres
--

ALTER TABLE ONLY public.vendors
    ADD CONSTRAINT vendors_pkey PRIMARY KEY (id);


--
-- Name: wallets wallets_pkey; Type: CONSTRAINT; Schema: public; Owner: postgres
--

ALTER TABLE ONLY public.wallets
    ADD CONSTRAINT wallets_pkey PRIMARY KEY (id);


--
-- Name: idx_booking_date; Type: INDEX; Schema: public; Owner: postgres
--

CREATE INDEX idx_booking_date ON public.bookings USING btree (booking_date);


--
-- Name: idx_booking_id; Type: INDEX; Schema: public; Owner: postgres
--

CREATE INDEX idx_booking_id ON public.reviews USING btree (booking_id);


--
-- Name: idx_category; Type: INDEX; Schema: public; Owner: postgres
--

CREATE INDEX idx_category ON public.services USING btree (category);


--
-- Name: idx_email; Type: INDEX; Schema: public; Owner: postgres
--

CREATE INDEX idx_email ON public.users USING btree (email);


--
-- Name: idx_is_available; Type: INDEX; Schema: public; Owner: postgres
--

CREATE INDEX idx_is_available ON public.services USING btree (is_available);


--
-- Name: idx_location; Type: INDEX; Schema: public; Owner: postgres
--

CREATE INDEX idx_location ON public.users USING btree (latitude, longitude);


--
-- Name: idx_role; Type: INDEX; Schema: public; Owner: postgres
--

CREATE INDEX idx_role ON public.users USING btree (role);


--
-- Name: idx_service_id; Type: INDEX; Schema: public; Owner: postgres
--

CREATE INDEX idx_service_id ON public.bookings USING btree (service_id);


--
-- Name: idx_status; Type: INDEX; Schema: public; Owner: postgres
--

CREATE INDEX idx_status ON public.bookings USING btree (status);


--
-- Name: idx_user_id; Type: INDEX; Schema: public; Owner: postgres
--

CREATE INDEX idx_user_id ON public.bookings USING btree (user_id);


--
-- Name: idx_vendor_active; Type: INDEX; Schema: public; Owner: postgres
--

CREATE INDEX idx_vendor_active ON public.vendors USING btree (is_active);


--
-- Name: idx_vendor_category; Type: INDEX; Schema: public; Owner: postgres
--

CREATE INDEX idx_vendor_category ON public.vendors USING btree (primary_category);


--
-- Name: idx_vendor_id; Type: INDEX; Schema: public; Owner: postgres
--

CREATE INDEX idx_vendor_id ON public.services USING btree (vendor_id);


--
-- Name: idx_vendor_location; Type: INDEX; Schema: public; Owner: postgres
--

CREATE INDEX idx_vendor_location ON public.vendors USING btree (location);


--
-- Name: idx_vendor_name; Type: INDEX; Schema: public; Owner: postgres
--

CREATE INDEX idx_vendor_name ON public.vendors USING btree (business_name);


--
-- Name: addresses fk1fa36y2oqhao3wgg2rw1pi459; Type: FK CONSTRAINT; Schema: public; Owner: postgres
--

ALTER TABLE ONLY public.addresses
    ADD CONSTRAINT fk1fa36y2oqhao3wgg2rw1pi459 FOREIGN KEY (user_id) REFERENCES public.users(id);


--
-- Name: favorites fk1v3ktgfy1uy6qqkdvs6ee9bqu; Type: FK CONSTRAINT; Schema: public; Owner: postgres
--

ALTER TABLE ONLY public.favorites
    ADD CONSTRAINT fk1v3ktgfy1uy6qqkdvs6ee9bqu FOREIGN KEY (service_id) REFERENCES public.services(id);


--
-- Name: reviews fk28an517hrxtt2bsg93uefugrm; Type: FK CONSTRAINT; Schema: public; Owner: postgres
--

ALTER TABLE ONLY public.reviews
    ADD CONSTRAINT fk28an517hrxtt2bsg93uefugrm FOREIGN KEY (booking_id) REFERENCES public.bookings(id);


--
-- Name: refunds fk3nlfu8o4nsl1kcfp2sg8q4gnd; Type: FK CONSTRAINT; Schema: public; Owner: postgres
--

ALTER TABLE ONLY public.refunds
    ADD CONSTRAINT fk3nlfu8o4nsl1kcfp2sg8q4gnd FOREIGN KEY (booking_id) REFERENCES public.bookings(id);


--
-- Name: cart_items fk709eickf3kc0dujx3ub9i7btf; Type: FK CONSTRAINT; Schema: public; Owner: postgres
--

ALTER TABLE ONLY public.cart_items
    ADD CONSTRAINT fk709eickf3kc0dujx3ub9i7btf FOREIGN KEY (user_id) REFERENCES public.users(id);


--
-- Name: bookings fkahvafjvx0c39omf9qo6ods5yx; Type: FK CONSTRAINT; Schema: public; Owner: postgres
--

ALTER TABLE ONLY public.bookings
    ADD CONSTRAINT fkahvafjvx0c39omf9qo6ods5yx FOREIGN KEY (address_id) REFERENCES public.addresses(id);


--
-- Name: wallets fkc1foyisidw7wqqrkamafuwn4e; Type: FK CONSTRAINT; Schema: public; Owner: postgres
--

ALTER TABLE ONLY public.wallets
    ADD CONSTRAINT fkc1foyisidw7wqqrkamafuwn4e FOREIGN KEY (user_id) REFERENCES public.users(id);


--
-- Name: payments fkc52o2b1jkxttngufqp3t7jr3h; Type: FK CONSTRAINT; Schema: public; Owner: postgres
--

ALTER TABLE ONLY public.payments
    ADD CONSTRAINT fkc52o2b1jkxttngufqp3t7jr3h FOREIGN KEY (booking_id) REFERENCES public.bookings(id);


--
-- Name: reviews fkcgy7qjc1r99dp117y9en6lxye; Type: FK CONSTRAINT; Schema: public; Owner: postgres
--

ALTER TABLE ONLY public.reviews
    ADD CONSTRAINT fkcgy7qjc1r99dp117y9en6lxye FOREIGN KEY (user_id) REFERENCES public.users(id);


--
-- Name: services fkdbq9pf3iawru3e2fisp6poaoq; Type: FK CONSTRAINT; Schema: public; Owner: postgres
--

ALTER TABLE ONLY public.services
    ADD CONSTRAINT fkdbq9pf3iawru3e2fisp6poaoq FOREIGN KEY (vendor_id) REFERENCES public.vendors(id);


--
-- Name: user_preferences fkepakpib0qnm82vmaiismkqf88; Type: FK CONSTRAINT; Schema: public; Owner: postgres
--

ALTER TABLE ONLY public.user_preferences
    ADD CONSTRAINT fkepakpib0qnm82vmaiismkqf88 FOREIGN KEY (user_id) REFERENCES public.users(id);


--
-- Name: bookings fkeyog2oic85xg7hsu2je2lx3s6; Type: FK CONSTRAINT; Schema: public; Owner: postgres
--

ALTER TABLE ONLY public.bookings
    ADD CONSTRAINT fkeyog2oic85xg7hsu2je2lx3s6 FOREIGN KEY (user_id) REFERENCES public.users(id);


--
-- Name: cart_items fkhhdqvapm8r3jbst2q63ppnmf2; Type: FK CONSTRAINT; Schema: public; Owner: postgres
--

ALTER TABLE ONLY public.cart_items
    ADD CONSTRAINT fkhhdqvapm8r3jbst2q63ppnmf2 FOREIGN KEY (service_id) REFERENCES public.services(id);


--
-- Name: vendors fkiuqso7j7nivq7sb3v3v4j7ein; Type: FK CONSTRAINT; Schema: public; Owner: postgres
--

ALTER TABLE ONLY public.vendors
    ADD CONSTRAINT fkiuqso7j7nivq7sb3v3v4j7ein FOREIGN KEY (user_id) REFERENCES public.users(id);


--
-- Name: payments fkj94hgy9v5fw1munb90tar2eje; Type: FK CONSTRAINT; Schema: public; Owner: postgres
--

ALTER TABLE ONLY public.payments
    ADD CONSTRAINT fkj94hgy9v5fw1munb90tar2eje FOREIGN KEY (user_id) REFERENCES public.users(id);


--
-- Name: bookings fkjcwbou2jlblfwu14uoxs65b25; Type: FK CONSTRAINT; Schema: public; Owner: postgres
--

ALTER TABLE ONLY public.bookings
    ADD CONSTRAINT fkjcwbou2jlblfwu14uoxs65b25 FOREIGN KEY (service_id) REFERENCES public.services(id);


--
-- Name: favorites fkk7du8b8ewipawnnpg76d55fus; Type: FK CONSTRAINT; Schema: public; Owner: postgres
--

ALTER TABLE ONLY public.favorites
    ADD CONSTRAINT fkk7du8b8ewipawnnpg76d55fus FOREIGN KEY (user_id) REFERENCES public.users(id);


--
-- Name: reviews fkmobnphh6ln84v2omwl8n1fj9f; Type: FK CONSTRAINT; Schema: public; Owner: postgres
--

ALTER TABLE ONLY public.reviews
    ADD CONSTRAINT fkmobnphh6ln84v2omwl8n1fj9f FOREIGN KEY (service_id) REFERENCES public.services(id);


--
-- PostgreSQL database dump complete
--

